file,decade,year,regex你好,regex嗨,regex上午下午晚上中午早上好,regex你好吗,regex吃了吗,real_year
革命京剧样板戏《红色娘子军》1972八一.DVDRip.x264.srt,1960,1972,0,0,0,0,0,1970
The.Love.Eterne.1963.Blu-ray.1080p.AVC.DTS-HD MA 5.1-Jsen.srt,1960,1963,0,0,0,0,0,1960
玉罗刹.The.Jade.Raksha.1968.USA.Blu-ray.1080p.AVC.DTS-HD.MA.2.0.srt,1960,1968,0,0,0,0,0,1960
史前巨鳄chs＆eng.srt,1960,None,0,10,0,0,0,1960
Offside.2006.1080p.AMZN.WEB-DL.DDP2.0.x264-ABM.srt,1960,2006,2,9,0,0,0,2000
蜡笔小新：激战！涂鸦王国和约四位勇士 映画クレヨンしんちゃん 激突！ラクガキングダムとほぼ四人の勇者(1080p HD)_3_text.srt,1960,1080,1,0,0,1,0,1080
飞刀手.The.Flying.Dagger.1969.USA.Blu-ray.1080p.AVC.DTS-HD.MA.2.0.srt,1960,1969,0,0,0,0,0,1960
中日南北和.Spy.Games.1989.HKG.Blu-ray.1080p.AVC.TrueHD.5.1-CHDBits简中字幕.srt,1960,1989,3,1,0,0,0,1980
英雄本色2.A Better Tomorrow II.1987.1080p.BDMV.AVC.DD.2.0.ass,1960,1987,7,0,0,1,0,1980
红色娘子军.1971.DVDRip.eng.srt,1960,1971,0,0,0,0,0,1970
夺魂铃.The.Bells.of.Death.1968.USA.Blu-ray.1080p.AVC.DTS-HD.MA.2.0.srt,1960,1968,0,0,0,0,0,1960
Painted.Skin.2008.BluRay.1080p.x264.DTS-WiKi.chs.srt,1960,2008,0,0,0,0,1,2000
座头市与独臂刀 Zatoichi.Meets.the.One-Armed.Swordsman.1971.1080p.BluRay.x264-PHOBOS.srt,1960,1971,2,0,0,0,0,1970
东方三侠2现代豪侠传[国配]Executioners.1993.FRA.UHD.Blu-ray.2160p.HEVC.DTS-HD.MA.5.1.srt,1960,1993,0,0,0,0,0,1990
小儿女 (简体字幕)Father Takes a Bride.1963.DVD.X264.AAC.HALFCD.Chs.srt,1960,1963,0,0,0,0,0,1960
舞台姐妹.Two.Stage.Sisters.1964.BluRay.720p.x264.AC3-CMCT.chs.ass,1960,1964,0,0,0,0,0,1960
潘金莲之前世今生.The.re-incarnation.of.Golden.Lotus.1989.HKG.Blu-ray.1080p.AVC.LPCM.2.0-MTeam_chi.srt,1960,1989,0,0,0,0,0,1980
故都春梦.Between Tears And Smile.1964.SB.DVDRip.srt,1960,1964,0,0,0,2,0,1960
Legendary.Amazon.2011.BluRay.720p.x264.AC3.2Audios-CMCT.chs.srt,1960,2011,0,0,0,0,0,2010
94独臂刀之情 What Price Survival (1994)WEBRip.srt,1960,1994,0,0,0,0,0,1990
断肠剑 Trail of the Broken Blade.Chs.srt,1960,None,0,0,0,0,0,1960
野玫瑰之恋 The Wild Wild Rose (1960)[国语发音][内封中英字][DVD1080P][souyouzi].chi.srt,1960,1960,1,0,0,0,0,1960
天生一对It.Takes.Two.1995.1080p.WEBRip.x265-RARBG-chs.srt,1960,1995,0,14,0,1,0,1990
追魂镖 Killer Darts 1968 1080p Blu-ray.srt,1960,1968,0,1,0,0,0,1960
72家租客72.Tenants.Of.Prosperity.1973.CHD2.chs.srt,1960,1973,0,0,0,0,0,1970
追魂镖.Killer.Darts.1968.USA.Blu-ray.1080p.AVC.DTS-HD.MA.2.0.srt,1960,1968,0,0,0,1,0,1960
分手男女.The.Break-Up.2006.1080p.BluRay.x265.ass,1960,2006,5,23,7,2,0,2000
大闹天宫.The.Monkey.King.1964.DVDRip.x264.虾狐影视制作.ass,1960,1964,0,0,0,0,0,1960
死角.Dead End.1969.SB.DVDRip.srt,1960,1969,0,0,0,0,0,1960
冰山上的来客1962 CCTV6 1080P.mkv_1469444670.srt,1960,1962,15,4,0,2,0,1960
princess.yang.kwei-fei.1955.1080p.bluray.x264-usury.chs.ass,1960,1955,0,2,0,0,0,1950
杨贵妃.ass,1960,None,0,2,0,0,0,1960
中日南北和.Spy.Games.1989.DVDRip.HALFCD.ass,1960,1989,2,4,4,0,0,1980
夜探毒龙潭 Night.Moves.1975.1080p.BluRay.x264-[YTS.AG].srt,1960,1975,1,31,0,0,0,1970
少女潘金莲.The.Amorous.Lotus.Pan.1994.SB.DVDRip.HALFCD.2Audios.CHT-edit110.Cht.ssa,1960,1994,0,0,0,0,0,1990
毒龙潭.Dragon.Swamp.1969.USA.Blu-ray.1080p.AVC.DTS-HD.MA.2.0.srt,1960,1969,0,0,0,0,0,1960
地道战(4K修复版).Tunnel.Warfare.1965.WEB-DL.4K.H265.10bit.HDR.AAC-PTerWEB.srt,1960,1965,0,4,0,0,0,1960
甲午风云.The.Naval.Battle.Of.1894.1962.DVDRip.DivX.srt,1960,1894,0,0,0,0,0,1890
大刺客.The.Assassin.1967.USA.Blu-ray.1080p.AVC.DTS-HD.MA.2.0.srt,1960,1967,0,0,0,0,0,1960
大地儿女蒋汉林修改版.srt,1960,None,1,0,0,0,1,1960
神剑震江湖.The.Thundering.Sword.1967.USA.Blu-ray.1080p.AVC.DTS-HD.MA.2.0.srt,1960,1967,0,0,0,0,0,1960
梁祝.srt,1960,None,0,0,0,0,0,1960
Maradona.By.Kusturica.2008.DVDRip.XviD.chs.srt,1960,2008,4,0,0,1,0,2000
the.love.of.three.smile-scholar.and.the.beauty.2010.Chs.srt,1960,2010,4,1,0,0,0,2010
The.Monkey.King.1961.WEB-DL.4K.H264.AAC.ass,1960,1961,0,0,0,0,0,1960
口号大过天 Slogans.2001.DVDRip.x264_chi.ass,1960,2001,6,0,1,1,0,2000
龙门金剑.The.Golden.Sword.1969.USA.Blu-ray.1080p.AVC.DTS-HD.MA.2.0.srt,1960,1969,1,1,0,0,0,1960
金燕子.The.Golden.Swallow.1968.USA.Blu-ray.1080p.AVC.DTS-HD.MA.2.0.srt,1960,1968,1,0,0,0,0,1960
The.Love.Eterne.1963.1080p.BluRay.x264-BiPOLAR.ChsA.ass,1960,1963,0,0,0,0,0,1960
CCTV6地雷战.The.Mine.Warfare.1962.HDTV.720p.x264.chs.srt,1960,1962,4,4,0,1,0,1960
刘三姐.srt,1960,None,0,1,0,0,0,1960
Zhui.yu.1960.PAL.DVD5.DD.2.0.srt,1960,1960,0,2,0,0,0,1960
铁手无情.The.Invincible.Fist.1969.USA.Blu-ray.1080p.AVC.DTS-HD.MA.2.0.srt,1960,1969,0,0,0,0,0,1960
金玉良缘红楼梦 1977.srt,1960,1977,3,0,0,0,0,1970
【画皮】（导演剪辑版）字幕.srt,1960,None,0,0,0,0,1,1960
英雄不改本色.Still.Crazy.1998.720p.WEBRip.x264.English.srt,1960,1998,0,0,0,0,0,1990
油鬼子.The.Oily.Maniac.1976.SB.BluRay.chs.srt,1970,1976,1,0,0,0,0,1970
革命京剧样板戏《红色娘子军》1972八一.DVDRip.x264.srt,1970,1972,0,0,0,0,0,1970
少林门(英版2k修复).hand.of.death.1976.2k.remastered.gbr.bluray.1080p.x264.精校中字.srt,1970,1976,1,0,0,0,0,1970
射雕英雄传2 the brave archer 2 1978.srt,1970,1978,0,1,0,0,0,1970
十四女英豪.the.14.amazons.1972.bluray.1080p-asxzwang.srt,1970,1972,0,0,0,0,0,1970
the.shadow.whip.1971.usa.bdrip.x264.ac3.srt,1970,1971,0,0,0,0,0,1970
Enter.the.Fat.Dragon.2020.BluRay.720p.x264.AC3.2Audios-CMCT.chs.ass,1970,2020,6,0,3,0,0,2020
the.killer.meteors.1976.720p.bluray.x264-orbs.srt,1970,1976,0,0,0,1,0,1970
人蛇鼠.cobra girl.1977.sb.dvdrip.srt,1970,1977,3,0,0,0,0,1970
阿菊与阿勇.kiku.to.isamu.1959.ass,1970,1959,1,4,1,0,0,1950
[红灯记].the legend of the red lantern.1970.1440x1080.h264.aac.@60后[4.91gb].srt,1970,1970,2,3,0,2,0,1970
香港奇案之凶杀.the.criminals.2：homicides.1976.r3.sb.dvdrip.x264.2audio.chs.srt,1970,1976,0,0,0,0,0,1970
"[新精武門一九九一].fist,of,fury.1991.bluray - 国语.srt",1970,1991,1,0,0,1,0,1990
豪侠 last hurrah for chivalry.1979.srt,1970,1979,0,1,0,0,0,1970
"洋妓.karate, kuesse, blonde katzen 1974 1080p ger blu-ray avc dts-hd ma 1.0.srt",1970,1974,1,20,2,0,0,1970
cleopatra.1934.1080p.bluray.x264.dts-fgt.srt,1970,1934,3,0,0,1,0,1930
少林寺.sb.1976.srt,1970,1976,0,1,0,0,0,1970
游侠儿(天映修复).the.wandering.swordman.1970.web-dl.1080p.国语中字.srt,1970,1970,0,0,0,0,0,1970
新独臂刀.new.one.armed.swordsman.1971.bd720p.国语中字.srt,1970,1971,0,0,0,0,0,1970
生死门.1978.sb.ass,1970,1978,0,0,0,0,0,1970
[七金尸].the.legend.of.the.7.golden.vampires.1974.1080p.bluray.srt,1970,1974,1,0,0,1,0,1970
the.contract.1978.mandarin.dubbed.1080p.bluray.x264-regret.ass,1970,1978,0,0,0,0,0,1970
Cops.And.Robbers.1979.HKG.BluRay.720p.x264.AC3.2Audios-CMCT.chs.ass,1970,1979,1,0,0,0,0,1970
血芙蓉(英版蓝光).the.vengeful.beauty.1978.gbr.bluray.720p.x264.flac.国配精校中字.srt,1970,1978,0,0,0,0,0,1970
街市英雄 Shaolin.Rescuers.1979.CHINESE.1080p.BluRay.H264.AAC-VXT.ass,1970,1979,0,0,0,0,0,1970
江湖汉子(天映修复).magnificent.wanderers.1977.chinese.1080p.webrip.x264-vxt.精校中字.srt,1970,1977,1,0,0,0,0,1970
清宫大刺杀.flying.guillotine.2.1978.gbr.blu-ray.1080p.avc.dts-hd.ma.2.0.srt,1970,1978,0,0,0,0,0,1970
蛇王子.the snake prince.1976.sb.dvdrip.srt,1970,1976,0,0,0,0,0,1970
王祖贤贴吧精准校对版，新流星蝴蝶剑，简体中文字幕.srt,1970,None,0,0,0,0,0,1970
愤怒青年.the delinquent.1973.sb.dvdrip.srt,1970,1973,0,3,0,1,0,1970
残缺.1978.sb.ass,1970,1978,0,0,0,0,0,1970
鹰爪铁布衫.invincible.armour.1977.德二dvd数码修复.x264.ac3.精校中字.srt,1970,1977,0,0,0,0,0,1970
Nezha.Conquers.the.Dragon.King.2019.CHINESE.1080p.WEB-DL.chs.srt,1970,2019,0,0,0,0,0,2010
保密局的枪声.1979.WEB-DL.720p.x265(10).AAC.NT-Zws.国语中字.mkv.ass,1970,1979,4,3,0,1,0,1970
广东十虎与后五虎.ten.tigers.of.kwangtung.1980.gbr.blu-ray.1080p.avc.dts-hd.ma.1.0.srt,1970,1980,0,0,0,0,0,1980
[大海盗 the pirate 1973][德版 原盘国语无字][hdsky][20.11gb] - title 2.ass,1970,1973,0,0,0,0,0,1970
红色娘子军.1971.dvdrip.chs.srt,1970,1971,0,0,0,0,0,1970
the.dragon.missile.1976.usa.bdrip.x264.ac3.srt,1970,1976,0,0,0,0,0,1970
卖命小子.magnificent.ruffians.1979.gbr.blu-ray.1080p.avc.dts-hd.ma.1.0.srt,1970,1979,0,0,0,0,0,1970
the.water.margin.1972.usa.bdrip.x264.ac3.srt,1970,1972,0,0,0,0,0,1970
the.mechanic.1972.twilighttime.bdremux.dts-hd.ma.1.0-lch.chs.srt,1970,1972,2,8,0,0,0,1970
贊先生與找錢華.1978.BDRip.3AC3.HKFACT-NO.7.chs.srt,1970,1978,0,0,0,0,0,1970
[蛇形刁手].snake.in.the.eagles.shadow.1978.bluray.1080p.2audio.dts-hd.ma.2.0.x265.10bit-beitai.srt,1970,1978,0,0,0,0,0,1970
金臂童[the.kid.with.the.golden.arm.1979].chinese.1080p.bluray.x264.dts-fgt.srt,1970,1979,0,0,0,0,0,1970
欢颜.your.smiling.face.1979.int.dvdrip.xvid-chs.srt,1970,1979,0,0,0,0,0,1970
绝代双骄.handsome.siblings.1992.hkg.blu-ray.1080p.avc.truehd.5.1-mteam_chi.srt,1970,1992,0,0,0,0,0,1990
六刺客Six Assassins.1971.chn.srt,1970,1971,0,0,0,0,0,1970
杂家小子.knockabout.1979.1080p.web-dl.x264.aac.srt,1970,1979,0,0,0,0,0,1970
壁虎.the lizard.1972.sb.dvdrip.srt,1970,1972,0,0,0,0,0,1970
少林寺十八铜人[香港完整版]the.18.bronzemen.1976.hk.version.gbr.blu-ray.1080p.avc.lpcm.1.0.srt,1970,1976,1,1,0,0,0,1970
【溜友派字幕组】看得见风景的房间a.room.with.a.view.1985.1080p.bluray.x264.chs.srt,1970,1985,9,1,1,2,0,1980
南少林与北少林.invincible.shaolin.1978.gbr.blu-ray.1080p.avc.dts-hd.ma.1.0.srt,1970,1978,0,0,0,0,0,1970
[三德和尚与舂米六].iron.fisted.monk.1977.1080p.bluray.x264-ghouls.srt,1970,1977,1,0,0,0,0,1970
the.crimson.charm.1970.usa.bdrip.x264.ac3.srt,1970,1970,0,0,0,0,0,1970
少林木人巷.shaolin.wooden.men.1976.jpn.bluray.1080p.x264.ac3.精校中字.srt,1970,1976,2,0,0,0,0,1970
雍正大破十八铜人.return.of.the.18.bronzemen.1976.gbr.blu-ray.1080p.avc.lpcm.1.0.srt,1970,1976,0,0,0,0,0,1970
京剧 杜鹃山.srt,1970,None,0,3,0,0,0,1970
烂头何.dirty.ho.1979.web-dl.1080p.x264.ac3.srt,1970,1979,0,1,0,1,0,1970
唐山五虎.five.superfighters.1979.gbr.blu-ray.1080p.avc.dts-hd.ma.1.0.srt,1970,1979,0,0,0,0,0,1970
乾隆皇奇遇记.emperor.chien.lung.1976.r3.sb.dvdrip.x264.ac3.srt,1970,1976,0,0,0,0,0,1970
李小龙的生与死.bruce.lee.the.man.and.the.legend.1973.chn.bluray.1080p.avc.lpcm.2.0-taichi.srt,1970,1973,0,0,0,0,0,1970
Follow.the.Star.1978.1080p.WEB-DL.H265.AAC-moddoy.chs.ass,1970,1978,0,0,0,0,0,1970
四大门派.the.shaolin.plot.1977.gbr.blu-ray.1080p.avc.lpcm.1.0.srt,1970,1977,0,0,0,0,0,1970
大刀王五.iron.bodyguard.1973.chinese.1080p.amzn.webrip.aac2.0.x264-ao.chs.srt,1970,1973,1,0,0,0,0,1970
海外赤子 (简体字幕)loyal overseas chinese family.1979.dvd.x264.aac.halfcd.chs.srt,1970,1979,3,0,0,0,0,1970
72.tenants.of.prosperity.1973.chd2.chs.srt,1970,1973,0,0,0,0,0,1970
血滴子.the.guillotines.2012.chinese.1080p.bluray.x264.dts-wiki.srt,1970,2012,0,0,0,0,0,2010
龙拳.Dragon.Fist.1979.BluRay.chseng.ass,1970,1979,0,0,0,0,0,1970
江湖子弟.brotherhood.1976.sb.dvdrip.srt,1970,1976,0,1,0,0,0,1970
歌声泪痕 the.rose.1979.720p.bluray.x264-amiable.chs.srt,1970,1979,8,36,0,4,0,1970
drunken.master.ii.1994.bluray.3audio.720p.x264-chd.chs.srt,1970,1994,2,0,0,0,0,1990
[天龙八部之乔峰传].sakra.2023.bluray.1080p.x265.10bit-dreamhd.chs.srt,1970,2023,0,0,0,0,0,2020
战神滩.beach.of.the.war.gods.1973.gbr.blu-ray.1080p.avc.lpcm.2.0.srt,1970,1973,0,0,0,0,0,1970
五毒.the.five.deadly.venoms.1978.720p.bluray.x264.srt,1970,1978,0,0,0,0,0,1970
鬼怒川The Angry River.1971.DVDRip.X264.AC3.srt,1970,1971,0,0,0,0,0,1970
return.of.the.chinese.boxer.1977.dubbed..srt,1970,1977,0,0,0,0,0,1970
梅花巾 (简体字幕)the plum flower embroidery.1980.dvd.x264.aac.halfcd.chs.srt,1970,1980,0,0,0,0,0,1980
Lucid.Dreams.2018.BluRay.720p.x264.AC3.2Audios-CMCT.chs.ass,1970,2018,2,0,0,0,0,2010
发钱寒.money.crazy.1977.hkg.blu-ray.1080p.avc.lpcm.2.0-mteam_chi.srt,1970,1977,2,0,0,2,0,1970
小楼残梦.the.forbidden.past.1979.d5.x264.cht.srt,1970,1979,0,2,0,0,0,1970
Dot.The.I.2003.ENG.srt,1970,2003,0,0,0,0,0,2000
magnificent.bodyguards.1978.ger.bdrip.720p.x264.ass,1970,1978,1,0,0,2,0,1970
[勾魂降头].black.magic.2.1976.web-dl.1080p.x264.aac.国英双语.srt,1970,1976,0,0,0,0,0,1970
1968.不是我死就是你亡.oggi a me... domani a te.chs.srt,1970,1968,1,0,0,1,0,1960
the.web.of.death.1976.usa.bdrip.x264.ac3.srt,1970,1976,0,1,0,0,0,1970
搏命单刀夺命枪.odd.couple.1979.gbr.blu-ray.avc.lpcm.1.0.ass,1970,1979,0,0,0,0,0,1970
[猛龙过江].the.way.of.the.dragon.1972.chinese.2160p.bluray.x265.10bit.sdr.dts-hd.ma.6.1-swtyblz.srt,1970,1972,1,0,0,1,0,1970
秋决 execution in autumn 1972 1080p gbr blu-ray avc lpcm 2.0.chs.srt,1970,1972,1,1,0,0,0,1970
天師撞邪.shaolin.drunkard.1983.dvdrip.1ac3.hkfact.chs.srt,1970,1983,0,0,0,0,0,1980
小煞星.the singing killer.1970.sb.dvdrip.srt,1970,1970,0,0,0,0,0,1970
茅山僵尸拳.1979.木剑修复版.sb..ass,1970,1979,0,0,0,0,0,1970
铁掌旋风腿.1972.BDRip.1AC3.HKFACT@NO.7.chs.srt,1970,1972,1,0,0,0,0,1970
钟馗娘子.the.lady.hermit.1971.chinese.1080p.webrip.x265-vxt.srt,1970,1971,0,0,0,0,0,1970
萧十一郎.swordsman.and.enchantress.1978.web-dl.1080p.h264.aac-chdweb.精校中字.srt,1970,1978,0,0,0,0,0,1970
[迎春阁之风波].1973.chs.srt,1970,1973,0,2,0,0,0,1970
[大地飞鹰]big.land.flying.eagles.1978.chinese.1080p.webrip.x265-vxt.srt,1970,1978,0,0,0,0,0,1970
death.duel.1977.usa.bdrip.x264.2ac3.srt,1970,1977,0,0,0,0,0,1970
陆阿采与黄飞鸿.challenge.of.the.masters.1976.gbr.blu-ray.1080p.avc.dts-hd.1.0.ass,1970,1976,0,0,0,0,0,1970
方世玉与洪熙官.heroes.two.1974.bluray.720p.x264.chd.chs.srt,1970,1974,0,0,0,0,0,1970
狮子山下.来客.归去来兮.below.the.lion.rock-from.vietnam.1978.d9.halfcd-tlf.chs.srt,1970,1978,1,0,0,0,0,1970
赌王大骗局.king.gambler.1976.sb.dvdrip.x264.2audio.ac3.int-nowys.ass,1970,1976,2,0,0,0,0,1970
刘三姐.srt,1970,None,0,1,0,0,0,1970
金玉良缘红楼梦 1977.srt,1970,1977,3,0,0,0,0,1970
倚天屠龙记之魔教教主（1993） 特效简体字幕.ass,1970,1993,1,0,0,0,0,1990
black.site.delta.2017.720p.web-dl.xvid.ac3-fgt.srt,1970,2017,1,13,0,0,0,2010
林世荣.1979.the.magnificent.butcher.1979.ass,1970,1979,0,0,0,0,0,1970
铁板烧teppanyaki.1984.chinese.1080p.nf.webrip.ddp2.0.x264-nogrp.chs.srt,1980,1984,0,0,0,0,0,1980
海滩的一天.That.Day.On.the.Beach.1983.BD.MiniSD-TLF.chs.srt,1980,1983,3,0,0,0,0,1980
学校风云 .School on Fire.林岭东1988作品 .srt,1980,1988,0,0,0,0,0,1980
Happy.Ghost.II.1985.BluRay.720p.x264.FLAC.2Audios-CMCT.chs.ass,1980,1985,5,0,0,0,0,1980
filthy.rich.us.s01e09.1080p.web.h264-cakes.chs.eng.简体&英文.ass,1980,1080,2,5,0,0,0,1080
全家福.a.family.affair.1984.hkg.blu-ray.1080p.avc.lpcm.2.0-mteam_chi.srt,1980,1984,14,14,0,2,0,1980
The Guardian - 3x19 - Remember.chs.eng.ass,1980,None,4,2,1,0,0,1980
filthy.rich.us.s01e05.1080p.web.h264-cakes.chs.eng.ass,1980,1080,3,3,0,1,0,1080
敦煌 the.silk.road.1988.web-dl.1080p.h264.dd2.0.中日双语.内封简中ffansweb.srt,1980,1988,0,0,0,0,0,1980
投奔怒海.boat.people.1982..bluray.1080p.avc.lpcm1.0.chs.srt,1980,1982,3,0,0,0,0,1980
Taipei.Story.1985.CC.720p.BluRay.DD1.0 x264-BMDru.chs.srt,1980,1985,0,0,0,0,0,1980
孩子王.Hai.Zi.Wang.1987.DVDRip.XviD-RiZZ_CN-cht.srt,1980,1987,0,0,0,0,0,1980
Wreaths.at.the.Foot.of.the.Mountain.1984.CHN.BDRip.X264.AC3.srt,1980,1984,1,0,0,0,0,1980
孩子王 King.of.the.Children.1987.1080p.BluRay.x264-REGRET.chs.ass,1980,1987,0,0,0,0,0,1980
prince.charming.2001.dvdrip.xvid-vh-prod.gb.srt,1980,2001,3,0,0,0,0,2000
Baise.Moi.(DVD.Rip).-.DivX.Chs.srt,1980,None,2,1,5,0,0,1980
notte.prima.degli.esami.2006.dvdrip.xvid.avi.chs.srt,1980,2006,5,8,1,0,0,2000
cleopatra.1934.1080p.bluray.x264.dts-fgt.srt,1980,1934,3,0,0,1,0,1930
鬼打鬼.Spooky.Encounters.1980.BluRay.720p.x264.精校国配字幕.srt,1980,1980,0,0,0,0,0,1980
Picture.of.a.Nymph.1988.2Audio.DVDRip.X264.AAC.iNT-HKDY.cht.srt,1980,1988,0,0,0,0,0,1980
A Good Woman (2004).srt,1980,2004,6,0,0,0,0,2000
少林寺.sb.1976.srt,1980,1976,0,1,0,0,0,1970
Final.Justice.1988.HKG.BluRay.720p.x264.AC3.2Audios-CMCT.chs.ass,1980,1988,0,4,0,0,0,1980
Something.to.Die.For.1999.WEBRip.1080p.x264.AAC-TiNyHD.chi.srt,1980,1999,1,0,0,0,0,1990
海滩的一天 That.Day.On.the.Beach.1983.1080p.BluRay.x264-SUMMERX.chs.ass,1980,1983,3,0,0,0,0,1980
奇谋妙计五福星单文件校正版 ,1980,None,2,0,0,3,0,1980
夏日福星[国语字幕]Twinkle.Twinkle.Lucky.Stars.1985.USA.Extended.Cut.Blu-ray.1080p.AVC.DTS-HD.MA.2.0.srt,1980,1985,2,0,0,0,0,1980
[学校风云].School.On.Fire.1988.CHINESE.1080p.BluRay.x264.DTS-FGT.srt,1980,1988,0,0,0,0,0,1980
A.Better.Tomorrow.2018.BluRay.720p.x264.AC3-CMCT.chs.ass,1980,2018,1,0,0,1,0,2010
开心鬼救开心鬼 国粤双语 Happy Ghost IV (1990) Web 1080P,1980,1990,0,0,0,0,0,1990
china's.60th.anniversary.chinese.military.celebration.2009.bluray.720p.dts.x264-chd.chs.srt,1980,2009,0,0,0,0,0,2000
[警察故事二4K修复版]Police.Story.2.1988.REMASTERED.720p.BluRay.x264-GHOULS.srt,1980,1988,1,0,1,0,0,1980
Yubisaki kara Honki no Netsujou Osananajimi wa Shouboushi - 合8集 简体中文.ass,1980,None,1,0,0,0,0,1980
最佳女婿.Faithfully.Yours.1988.DVDRip.X264.AC3.chs.srt,1980,1988,0,3,0,0,0,1980
福星高照.My.Lucky.Stars.Fuk.sing.go.jiu.1985.GBR.BluRay.1080p.x264.DTS.2Audios-BBQDDQ.ass,1980,1985,4,4,0,1,0,1980
孩子王.Hai.Zi.Wang.1987.DVDRip.XviD-RiZZ_CN-chs.srt,1980,1987,0,0,0,0,0,1980
Yubisaki kara Honki no Netsujou Osananajimi wa Shouboushi - 07 繁体中文.ass,1980,None,1,0,0,0,0,1980
Heart.of.the.Dragon.1985.2K.REMASTERED.UNCUT.GBR.BluRay.720p.x264.AC3.2Audios-CMCT.chs.ass,1980,1985,1,3,0,0,0,1980
三狼传奇.srt,1980,None,2,2,0,0,0,1980
稻草人 scarecrow.1987.web-dl.1080p.h264.aac.srt,1980,1987,0,2,0,0,0,1980
阿Q正传.srt,1980,None,0,5,0,0,0,1980
As.Tears.Go.By.1988.BDRip.X264-TLF.chs.srt,1980,1988,1,0,0,1,0,1980
开心鬼上错身 Happy Ghost 5 DVD.1991.对应国语.chi.srt,1980,1991,1,0,0,1,0,1990
Hello.Ghost.2010.720P.HDRip.x264-Death.cht.srt,1980,2010,2,0,0,0,0,2010
les.fugitifs.1986.720p.bluray.x264-ctrlhd.chs&fra.ass,1980,1986,6,4,0,2,0,1980
英雄本色2.A Better Tomorrow II.1987.1080p.BDMV.AVC.DD.2.0.ass,1980,1987,7,0,0,1,0,1980
[旺角卡门].As.Tears.Go.By.1988.GER.UHD.BluRay.REMUX.HEVC.LPCM.2.0-FGT.srt,1980,1988,1,0,0,1,0,1980
横财三千万 the thirty million rush 1987,1980,1987,0,0,0,2,0,1980
The.Trouble.Shooters.1988.DVDRip.H264-THLY-cd2.chs.srt,1980,1988,7,8,0,1,0,1980
一招半式闯江湖.half.a.loaf.of.kung.fu.1980.gbr.blu-ray.1080p.avc.lpcm.2.0.srt,1980,1980,1,0,0,0,0,1980
[1080P][五女拜寿].Birthday.Congratulations.1984.WEB-DL.1080P.x264.AAC.ass,1980,1080,0,0,0,0,0,1080
林正英.僵尸先生3：灵幻先生.1987.srt,1980,1987,1,0,0,0,0,1980
旺角卡门 As.Tears.Go.By.1988.1080p.BluRay.DD5.1.2Audio.x264-HDS.chs.ass,1980,1988,1,0,0,1,0,1980
老狼请客.ssa,1980,None,0,0,0,0,0,1980
[一半是海水一半是火焰]ocean flame 2008 tw blu-ray 1080p vc-1-ttg.ass,1980,2008,0,0,0,0,0,2000
[東方禿鷹].eastern.condors.1987.bluray.国语.srt,1980,1987,0,0,0,0,0,1980
[A计划续集].Project.A.2.1987.1080p.BluRay.x264-USURY.chs.srt,1980,1987,1,0,1,0,0,1980
雅加达 (简体字幕)Jakarta.2000.DVDrip.DivX-MirAri.gb.srt,1980,2000,0,3,0,1,0,2000
标错参.to.err.is.humane.1987.dvdrip.halfcd.2audios.cht-edit110.cht.ssa,1980,1987,3,0,0,0,0,1980
the.seventh.curse.1986.extended.1080p.bluray.flac.2.0.x264-c0ke.srt,1980,1986,1,1,0,0,0,1980
Armour.of.God.1986.BluRay.1080p.2Audio.DTS-HD.MA.2.0.x265.10bit-ALT.srt,1980,1986,0,0,0,0,0,1980
牧马人.The.Herdsman.1982.web-dl.MiniFHD.简体中字.srt,1980,1982,0,0,0,0,0,1980
警察故事续集.重制版.Police.Story.II.1988.REMASTERED.BluRay.简中.ass,1980,1988,1,0,1,0,0,1980
The.Sandwich.Man.1983.720p.BluRay.x264-WiKi.chs.ass,1980,1983,3,0,0,0,0,1980
铁甲无敌玛利亚.i.love.maria.1988.hkg.bluray.1080p.blu-ray.avc.lpcm.2.0-mteam_chi.srt,1980,1988,1,0,0,2,0,1980
黑炮事件.TheBlackCannonIncident.1986.DVD.X264.AAC.Chs.srt,1980,1986,5,3,0,0,0,1980
至尊无上之永霸天下.casino.raiders.ii.1991.bluray.1080p.avc.lpcm.2.0-ttg.srt,1980,1991,2,0,0,0,0,1990
飞龙猛将.Dragons.Forever.1988.德版蓝光.BD1080P.X264.AC3.CHS.srt,1980,1988,3,0,0,0,0,1980
Baise.Moi.(DVD.Rip).-.DivX.Cht.srt,1980,None,2,1,5,0,0,1980
return.to.the.36th.chamber.1980.gbr.bdrip.x264.2ac3.srt,1980,1980,0,0,0,1,0,1980
mismatched.couples.1985.dvd.chs.ass,1980,1985,0,1,0,0,0,1980
潘金莲之前世今生.the.re-incarnation.of.golden.lotus.1989.hkg.blu-ray.1080p.avc.lpcm.2.0-mteam_chi.srt,1980,1989,0,0,0,0,0,1980
夏日福星.Twinkle.Twinkle.Lucky.Stars.1985.USA.Blu-ray.1080p.AVC.DTS-HD.MA.2.0.srt,1980,1985,6,0,0,0,0,1980
上海灘十三太保.1984.bluray.国配.srt,1980,1984,1,0,0,0,0,1980
老井.old.well.1986.2160p.web-dl.h265.ddp2.0-fltth.srt,1980,1986,0,0,0,0,0,1980
"富贵再三逼人.it's.a.mad,.mad,.mad.world.iii.1989.hkg.blu-ray.1080p.avc.truehd.5.1-mteam_chi.srt",1980,1989,0,0,0,0,0,1980
吉屋藏娇.guests.in.the.house.1988.hkg.blu-ray.1080p.avc.truehd.5.1-mteam_chi.srt,1980,1988,0,0,0,0,0,1980
A.Better.Tomorrow.1986.BluRay.720p.DTS.2Audio.x264-CHD.chs.srt,1980,1986,2,0,0,1,0,1980
恐怖分子.蓝光版字幕.1986,1980,1986,0,0,0,0,0,1980
福星高照.My.Lucky.Stars.1985.CHINESE.1080p.BluRay.H264.AAC-VXT.ass,1980,1985,1,0,0,0,0,1980
喋血双雄.The.Killer.1989.HK.BluRay.chs.ass,1980,1989,0,0,0,0,0,1980
黑炮事件.The.Black.Cannon.Incident.1985.ass,1980,1985,6,2,0,0,0,1980
[急冻奇侠].the.iceman.cometh.1989.1080p.bluray.x264-handjob.srt,1980,1989,1,0,0,1,0,1980
（1982年）牧马人1080P（CCTV6高清版）,1980,1982,0,0,0,0,0,1980
The.Happy.Ghost.1984.BluRay.720p.x264.AC3.2Audios-CMCT.chs.ass,1980,1984,0,4,0,0,0,1980
Special.Female.Force.2016.720p.BluRay.x264-WiKi.chs.srt,1980,2016,4,1,0,0,0,2010
人吓人[国配字幕]the.dead.and.the.deadly.1982.gbr.blu-ray.1080p.avc.lpcm.2.0.srt,1980,1982,0,1,0,0,0,1980
Scared.Stiff.1987..chs.srt,1980,1987,3,0,0,0,0,1980
龙的心.srt,1980,None,1,3,0,0,0,1980
新英雄本色.Return.To.A.Better.Tomorrow.1994.WEB-DL,1980,1994,1,0,0,0,0,1990
the.first.time.is.the.last.time.1988.dvdrip.xvid.chs.srt,1980,1988,0,0,0,0,0,1980
EastMovie.Lei.yu.1984.HDTV.1080i.H264-CZW.zh.srt,1980,1984,0,0,0,0,0,1980
Encounter.of.the.Spooky.Kind.1980.CHINESE.1080p.BluRay.x265-VXT.（对应国语）chi.srt,1980,1980,0,0,0,0,0,1980
神枪手The.Shootist.1976.1080p.chs.ass,1980,1976,1,9,0,3,0,1970
霹雳大喇叭.wheres.officer.tuba.ass,1980,None,1,0,0,0,0,1980
鬼打鬼6甩皮鬼(金装鬼打鬼).Skin-Stripper.1992.DVDrip.H264.AAC.960P-BEIZHIZI .srt,1980,1992,0,0,0,0,0,1990
A.Better.Tomorrow.III.1989.Blu-ray.AVC.1080p.DTS-HDMA.7.1-HDRoad,1980,1989,4,1,0,1,0,1980
1980-鬼打鬼.Encounter.of.the.Spooky.Kind.1980.BD1080P粤语繁体.ass,1980,1980,0,0,0,0,0,1980
daughter.of.mine.2018.bdrip.x264-bipolar.srt,1980,2018,2,2,1,0,0,2010
光阴的故事 in.our.time.1982.1080p.bluray.x264-melite.srt,1980,1982,0,0,0,0,0,1980
海滩的一天——中文字幕,1980,None,3,0,0,0,0,1980
海滩的一天.That.Day.On.the.Beach.1983.BD.MiniSD-TLF.Eng.srt,1980,1983,0,0,0,0,0,1980
富贵逼人 Its.A.Mad.Mad.World.1987.CHINESE.1080p.WEBRip.x264-RARBG.srt,1980,1987,0,0,0,0,0,1980
庐山恋 Romance on Lushan Mountain (1980)[国语发音][内封简中][WEBRip][souyouzi].srt,1980,1980,3,0,0,0,0,1980
Bless.This.House.1988.1080p.MyTVS.WEB-DL.H265.AAC-TAGWEB.srt,1980,1988,0,0,0,0,0,1980
【白白爱分享】【国配】福星高照.My.Lucky.Stars.1985.BluRay.1080p.DTS.2Audio.x264-CHD.srt,1980,1985,0,0,0,1,0,1980
royal.warriors.1986.rst.1080p.ger.blu-ray.remux.avc.dd.2.0.chs.srt,1980,1986,0,0,0,1,0,1980
富贵开心鬼.lost.souls.1989.hkg.blu-ray.1080p.avc.lpcm.2.0-mteam_cht.srt,1980,1989,1,0,0,0,0,1980
黑炮事件 The.Black.Cannon.Incident.1985.1080p.BluRay.x264-SPECTACLE.srt,1980,1985,6,2,0,0,0,1980
尖叫影院番外篇：天师捉鬼.ass,1980,None,0,0,0,0,0,1980
最佳损友闯情关.the.crazy.companies.2.1988.bluray.1080p.avc.lpcm.2.0-ttg.srt,1980,1988,3,0,0,1,0,1980
The.Haunted.Cop.Shop.1987.BluRay.720p.x264.AC3.2Audios-CMCT.chs.srt,1980,1987,0,0,0,0,0,1980
龙在天涯.Dragon.Fight.1989.NTSC.DVD5.srt,1980,1989,2,7,1,0,0,1980
Zu.The.Warriors.from.the.Magic.Mountain.1983.GBR.2K.REMASTERED.BluRay.720p.x264.AC3.2Audios-CMCT.chs.srt,1980,1983,0,0,0,0,0,1980
Mr.Vampire.III.1987.HK.REMASTERED.1080p.BluRay.CHS.ass,1980,1987,2,0,0,0,0,1980
[恐怖分子].The.Terrorizers.1986.CHINESE.1080p.BluRay.x264.DTS-FGT.srt,1980,1986,0,0,0,0,0,1980
恐怖分子 The.Terrorizers.1986.CHINESE.1080p.BluRay.x264.DTS-FGT.chs.ass,1980,1986,0,0,0,0,0,1980
peoples.hero.1987.chinese.1080p.bluray.x264.dts-fgt.chs.srt,1980,1987,0,0,0,0,0,1980
The.Trouble.Shooters.1988.DVDRip.H264-THLY-cd1.chs.srt,1980,1988,9,4,0,0,0,1980
孩子王.King.of.the.Children.1987.CHN.Blu-ray.1080P.AVC.LPCM.1.0-doraemon.srt,1980,1987,0,0,0,0,0,1980
新上海滩.shanghai.grand.1996.dvdrip.x264.ac3-dtmm.chs.srt,1980,1996,0,0,1,0,0,1990
金装大酒店.carry.on.hotel.1988.hkg.blu-ray.1080p.avc.truehd.5.1-mteam_chi.srt,1980,1988,0,1,0,1,0,1980
[奇门遁甲].miracle.fighters.1982.remastered.2audio.dvdrip.x264.aac.chd.chs.srt,1980,1982,0,0,0,0,0,1980
江湖情 rich.and.famous.1987.bluray.720p.x264.ac3.2audios-cmct.cht.srt,1980,1987,2,0,0,0,0,1980
省港旗兵3：逃出香港.long.arm.of.the.law.part.3.1989.hkg.blu-ray.1080p.avc.lpcm.2.0-mteam_chi.srt,1980,1989,0,0,0,0,0,1980
开心鬼撞鬼 Happy.Ghost.III.1986.WEB-DL.1080P,1980,1986,0,2,0,0,0,1980
开心鬼撞鬼.Happy.Ghost.III.1986.HKG.Blu-ray.1080p.AVC.LPCM2.0-MTeam_chi.srt,1980,1986,2,0,0,0,0,1980
巴山夜雨.evening.rain.1980.1080p（校对后）.srt,1980,1980,0,2,0,0,0,1980
Of.Fathers.and.Sons.2017.1080p.AMZN.WEB-DL.DD+5.1.H.264-QOQ.chs.ass,1980,2017,1,0,0,0,0,2010
大轮回.the.wheel.of.life.1983.jpn.blu-ray.1080p.avc.lpcm.2.0.srt,1980,1983,2,0,0,1,0,1980
The.Happy.Ghost.1984.BluRay.720p.x264.AC3.2Audios-CMCT.chs.srt,1980,1984,0,4,0,0,0,1980
义胆群英.just.heroes.1989.dvdrip.x264-ken.chs.srt,1980,1989,0,0,0,0,0,1980
the imp.1981.chs.srt,1980,1981,1,0,0,0,0,1980
雅加达 (big5繁体字幕)Jakarta.2000.DVDrip.DivX-MirAri.big5.srt,1980,2000,0,3,0,0,0,2000
追忆似水年华 le.temps.retrouvé.d'après.l'oeuvre.de.marcel.proust.aka.time.regained.1999.1080p.knpy.web-dl.aac2.0.x264-avrs chs.srt,1980,1999,3,0,1,2,0,1990
何必有我.Why.Me.1985-粤语.chn.srt,1980,1985,0,0,0,0,0,1980
呆鹅爸爸.father.goose.1964.chs.srt,1980,1964,3,26,0,0,0,1960
何必有我.Why.Me.1985-国语.chn.srt,1980,1985,0,0,0,0,0,1980
人蛇大战.1982.bdrip.2ac3.hkfact.srt,1980,1982,0,0,0,0,0,1980
阴阳错.esprit.d'amour.1983.hkg.blu-ray.1080p.avc.truehd.5.1-mteam_chi.srt,1980,1983,0,0,0,0,0,1980
猛鬼大厦.operation.pink.squad.ii：haunted.tower.1989.hk.dvdrip.x264.2audio.aac.int-nowys.srt,1980,1989,0,0,0,0,0,1980
The.Haunted.Cop.Shop.1987.BluRay.720p.x264.AC3.2Audios-CMCT.chs.ass,1980,1987,0,0,0,0,0,1980
Long.Arm.of.the.Law.II.1987.BluRay.720p.DTS.2Audio.x264-CHD.chs.srt,1980,1987,0,0,0,0,0,1980
Zu.The.Warriors.from.the.Magic.Mountain.1983.GBR.2K.REMASTERED.BluRay.720p.x264.AC3.2Audios-CMCT.chs.ass,1980,1983,0,0,0,0,0,1980
富贵逼人.It‘s.a.Mad.Mad.Mad.World.1987.BluRay.1080p.AVC.TrueHD.5.1-TTG.srt,1980,1987,0,0,0,0,0,1980
伴我闯天涯.wild.search.1989.720p.bluray.x264-wiki-chs.srt,1980,1989,3,0,0,0,0,1980
喜盈门.1981.上影修复.web-dl.1080p.简体中字.ass,1980,1981,0,4,0,0,0,1980
高山下的花环 (1984).chs.ass,1980,1984,1,0,0,0,0,1980
为黛西小姐开车（简体字幕）driving.miss.daisy.1989.dvdrip.xvid-schizo.gb.srt,1980,1989,5,3,8,3,0,1980
【白白爱分享】【国配】福星高照.My.Lucky.Stars.1985.1080p.NF.WEB-DL.DDP2.0.x264-Ao.srt,1980,1985,0,0,0,1,0,1980
A.Better.Tomorrow.2018.CHINESE.720p.BluRay.x264.DD5.1-FGT.srt,1980,2018,1,0,0,1,0,2010
失业生.on.trial.1981.bluray.chs.srt,1980,1981,0,1,0,0,0,1980
父与子 padri e figli (1957).ass,1980,1957,21,27,17,0,0,1950
香蕉天堂 banana.paradise.1989.web-dl.1080p.h264.srt,1980,1989,2,0,0,0,0,1980
The.Fatal.Raid.2019.720p.BluRay.x264-WiKi.chs.srt,1980,2019,4,0,1,0,0,2010
1989.悲情城市A City of Sadness.1989 (1).srt,1980,1989,3,0,0,0,0,1980
As.Tears.Go.By.1988.restored.1080p.bluray.x264-cinephilia.chs.srt,1980,1988,1,0,0,1,0,1980
打工皇帝.working.class.1986.hkg_chi.srt,1980,1986,3,0,4,0,0,1980
疯狂的代价 The Price of Frenzy (1988)[未删减版][国语发音][内封简中][DVDRip][souyouzi].chs.srt,1980,1988,0,0,0,0,0,1980
The.Terrorist.Next.Door.2008.DVDRiP.XViD.Chs.srt,1980,2008,2,2,0,4,0,2000
两小无猜melody.1971.1080p.bluray.h264.aac-rarbg-chs.srt,1980,1971,0,2,0,0,0,1970
[chinese traditional] t省的八四、八五年.srt,1980,None,3,0,0,0,0,1980
fatal.love.1988.dvd.x264.2audio.aac.halfcd3-norm.chs&eng.ass,1980,1988,1,0,0,1,0,1980
满洲候选人 三区中字.srt,1980,None,2,3,0,3,0,1980
警察故事续集.重制版.Police.Story.II.1988.REMASTERED.BluRay.繁中.ass,1980,1988,1,0,1,0,0,1980
A.City.of.Sadness.1989.SD.DVD.x264.AC3-TBB.chs.srt,1980,1989,3,0,0,0,0,1980
Kindergarten.Cop.2.2016.1080p.BluRay.x264.DTS-FGT.chs.srt,1980,2016,6,45,0,0,0,2010
雷雨1984.srt,1980,1984,1,0,0,0,0,1980
A.Better.Tomorrow.2018.BluRay.720p.x264.AC3-CMCT.chs.srt,1980,2018,1,0,0,1,0,2010
black.vengeance.1987.720p.bluray.x264-black.vengeance.1987.bluray.720p.x264.ac3.2audios-cmct.ass,1980,1987,0,0,0,0,0,1980
女大学生宿舍.girl student's dormitory.1983.dvd.x264.aac.halfcd.chs.srt,1980,1983,1,0,0,0,0,1980
尼罗河女儿.daughter.of.the.nile.1987.moc.bd.minisd-tlf.chs..srt,1980,1987,1,1,0,0,0,1980
牧马人.The.Herdsman.1982.2160p.WEB-DL.H265.AAC-OurTV.chs.srt,1980,1982,0,0,0,0,0,1980
"牧马人 The.Herdsman.1982.Web-DL.HEVC.10bit.Opus.MiniFHD-Aray, Source with Web-DL@Unkown.chs.ass",1980,1982,0,0,0,0,0,1980
[合家欢].mr.coconut.1989.1080p.bluray.aac.x264-handjob.srt,1980,1989,2,0,0,1,0,1980
发达秘笈 发财秘笈 (1989) dvdrip.chs,1980,1989,2,0,0,0,0,1980
顽主.The.Trouble.Shooters.1989.WEB-DL.MiniSD-TLF.chs.srt,1980,1989,16,12,0,1,0,1980
 自古英雄出少年（1983版 1小时20分）,1980,1983,0,0,0,0,0,1980
天師撞邪.shaolin.drunkard.1983.dvdrip.1ac3.hkfact.chs.srt,1980,1983,0,0,0,0,0,1980
繁体中文.srt,1980,None,1,0,0,0,0,1980
雅加达 (英文字幕)Jakarta.2000.DVDrip.DivX-MirAri.Eng.srt,1980,2000,0,0,0,0,0,2000
[A计划II].project.a.2.1987.720p.bluray.x264-usury.国配.srt,1980,1987,1,0,1,0,0,1980
Final.Justice.1988.HKG.BluRay.720p.x264.AC3.2Audios-CMCT.chs.srt,1980,1988,0,4,0,0,0,1980
简体中文.srt,1980,None,1,0,0,1,0,1980
Project.A.II.1987.DVDrip.x264.AC3.2Audios-CHD.Chs.srt,1980,1987,0,0,0,0,0,1980
zorro.1975.1080p.bluray.x264-inklusion.chs.srt,1980,1975,2,0,0,0,0,1970
地狱无门.we are going to eat you.1980.简中字幕,1980,1980,0,0,0,0,0,1980
龙少爷.dragon.lord.1982.bluray.1080p.x265.10bit.2audio.mnhd-pagehd.srt,1980,1982,0,0,0,0,0,1980
疯狂的代价 The Price of Frenzy (1988)[未删减版][国语发音][内封简中][DVDRip][souyouzi].eng.srt,1980,1988,0,0,0,0,0,1980
"富贵再逼人.it's.a.mad,mad,mad.world.2.1988.bluray.1080p.avc.truehd.5.1-mteam.srt",1980,1988,5,0,0,1,0,1980
灵幻先生.Mr.Vampire.3.1987.JPN.BluRay.720p.x264.AC3.2Audios-CMCT.srt,1980,1987,2,0,0,0,0,1980
The.Killer.1989.BluRay.720p.AC3.3Audio.x264-CHD.chs.ass,1980,1989,0,0,0,0,0,1980
Happy.Ghost.II.1985.BluRay.720p.x264.FLAC.2Audios-CMCT.chs.srt,1980,1985,5,0,0,0,0,1980
1980-鬼打鬼.Encounter.of.the.Spooky.Kind.1980.BD1080P精校国语.ass,1980,1980,0,0,0,0,0,1980
最佳女婿 Faithfully.Yours.1988.CHINESE.1080p.BluRay.x265-VXT.ass,1980,1988,3,0,0,0,0,1980
飞虎雄师10之英雄本色.The.New.Option：The.Final.Showdown.2004.HK.DVDRip.x264.2Audio.AAC.eng.srt,1980,2004,0,0,0,0,0,2000
[小毕的故事].growing.up.1983.1080p.bluray.x264.chs.ass,1980,1983,0,0,0,0,0,1980
[黄土地].Yellow Earth 1984 WEB-DL 4K H265 AAC.ass,1980,1984,0,0,0,0,0,1980
Days.of.Wine.and.Roses.1962.1080p.BluRay.X264-AMIABLE.chs.srt,1980,1962,7,17,0,0,0,1960
[黑炮事件].The.Black.Cannon.Incident.720p.BluRay.x264-SPECTACLE.srt,1980,None,6,2,0,0,0,1980
棋王.king.of.chess.1991.web-dl.1080p.x264.aac.srt,1980,1991,5,0,0,0,1,1990
顽主1988.ass,1980,1988,16,12,0,1,0,1980
湘女萧萧.the girl from hunan 1987 1080p web-dl aac 2.0 x264-ndd.srt,1980,1987,0,0,0,0,0,1980
悲情城市- A.City.of.Sadness.1989.SD.DVD.x264.AC3-TBB.chs.srt,1980,1989,3,0,0,0,0,1980
《包氏父子》（北影1983）WEB_DL.x264.srt,1980,1983,0,3,0,0,0,1980
长短脚之恋.fractured.follies.1988.hkg.blu-ray.1080p.avc.truehd.5.1-mteam简中字幕,1980,1988,0,0,0,0,0,1980
eight.tales.of.gold.1989.int.dvdrip.xvid-xhong.chs.srt,1980,1989,1,0,0,2,0,1980
南北少林.1986.martial arts of shaolin.chs（校对美化版）.ass,1980,1986,0,0,0,0,0,1980
Rickshaw.Boy.骆驼祥子.srt,1980,None,2,23,0,0,2,1980
忠义群英 seven.warriors.1989.chinese.1080p.bluray.h264.aac-vxt.srt,1980,1989,0,0,0,0,0,1980
法内情1988.chs.srt,1980,1988,0,0,0,1,0,1980
A.Better.Tomorrow.1986.REMASTERED.CHINESE.1080p.BluRay.H264.AAC-VXT.Eng.srt,1980,1986,0,0,0,0,0,1980
[群龙戏凤].pedicab.driver.1989.720p.web-dl简体中字.srt,1980,1989,10,1,0,0,0,1980
痴心的我.devoted.to.you.1986.hkg.blu-ray.1080p.avc.lpcm.2.0-mteam_chi.srt,1980,1986,1,3,0,0,0,1980
A.Better.Tomorrow.1986.2160p.UHD.BluRay.Remux.HEVC.DTS-HD.MA.7.1-HDT,1980,1986,2,0,0,0,0,1980
水浒传之英雄本色.All.Men.Are.Brothers.Blood.of.the.Leopard.1993.WEB-DL.1080p.H.264.AAC-CTRLTV.chs.ass,1980,1993,0,0,0,0,0,1990
A.Better.Tomorrow.II.1987.720p.BluRay.x264.chs.srt,1980,1987,7,0,0,1,0,1980
猛鬼撞鬼.funny.ghost.1989.hkg.blu-ray.1080p.avc.lpcm.2.0-mteam_chi.srt,1980,1989,1,0,0,0,0,1980
倾城之恋.love.in.a.fallen.city.1984.fra.blu-ray.1080i.avc.dts-hd.ma.5.1.srt,1980,1984,2,0,0,0,0,1980
chashmebaddoor.2013.bluray.720p.x264.dts-[ddr].chs.srt,1980,2013,18,5,0,0,0,2010
Rape.Me.2000.1080p.BluRay.x264.AAC-[YTS.MX].chs.srt,1980,2000,2,1,5,0,0,2000
[黄土地].Yellow.Earth.1984.1080p.HDTV.x264.AAC-HQC.chs.srt,1980,1984,0,2,0,0,0,1980
Happy.Ghost.IV.1990.720p.BluRay.x264-WiKi.chs.srt,1980,1990,0,0,0,0,0,1990
开心鬼救开心鬼.Happy.Ghost.IV.1990.HKG.Blu-ray.1080p.AVC.TrueHD.5.1-MTeam简中字幕,1980,1990,0,0,0,0,0,1990
恐怖分子的孩子.of.fathers.and.sons.2017.1080p.bluray.x264-usury.chs.ass,1980,2017,1,0,0,0,0,2010
Heart.of.the.Dragon.1985.2K.REMASTERED.UNCUT.GBR.BluRay.720p.x264.AC3.2Audios-CMCT.chs.srt,1980,1985,1,3,0,0,0,1980
笑拳怪招2龙腾虎跃.Fearless.Hyena.2.1983.CHINESE.1080p.BluRay.H264.AAC-VXT.srt,1980,1983,0,0,0,0,0,1980
英雄不改本色.Still.Crazy.1998.720p.WEBRip.x264.English.srt,1980,1998,0,0,0,0,0,1990
飞龙猛将.Dragons.Forever.1988.BD1080P.X264.ass,1980,1988,2,2,0,1,0,1980
在那河畔青草青.the.green.green.grass.of.home.1982.bd.minisd-tlf.chs.srt,1980,1982,6,0,0,0,0,1980
诅咒巷  damnation.alley.1977.1080p.bluray.x265-rarbg,1980,1977,3,12,3,1,0,1970
Its.A.Mad.Mad.Mad.World.1987.CHINESE.1080p.BluRay.H264.AAC-VXT.ChsEngA.srt,1980,1987,0,0,0,0,0,1980
国语.srt,1990,None,1,1,0,0,0,1990
rebels.of.the.neon.god.1992.1080p.bluray.x264-melite.srt,1990,1992,2,8,1,0,0,1990
Fallen.2016.BluRay.720p.x264.AC3-CMCT.chs&eng.ass,1990,2016,2,1,0,0,0,2010
菊豆.Ju.Dou.1990.1080p.BDMV.AVC.DTS-HD.MA.5.1.ass,1990,1990,0,0,0,0,0,1990
twin.dragons.1992.dubbed.1080p.bluray.x264-sadpanda.srt,1990,1992,0,0,0,0,0,1990
春光乍泄 Happy.Together.1997.RESTORED.1080p.BluRay.x264-CiNEPHiLiA.chs&eng.ass,1990,1997,0,1,0,0,0,1990
唐伯虎点秋香 Flirting.Scholar.1993.BluRay.1080p.2Audio.TrueHD.5.1.x264-beAst.chs.ass,1990,1993,0,10,0,1,0,1990
【已校对】[红灯停，绿灯行].signal.left.turn.right.1996.chs_v2.srt,1990,1996,4,1,0,0,0,1990
[非常突然]expect.the.unexpected.1998.frbluray.chs.srt,1990,1998,0,0,0,0,0,1990
A Good Woman (2004).srt,1990,2004,6,0,0,0,0,2000
Encounter of the Spooky Kind II.chs.ass,1990,None,1,0,0,0,0,1990
【首杀字幕组】双龙会2.Judwaa.2.2017.Hindi.1080p.BluRay.x264.DTS.5.1.ESub-Hon3y.真全本,1990,2017,0,0,0,0,0,2010
赌神3之少年赌神[国语字幕]God.of.Gamblers.III.The.Early.Stage.1996.FRA.Blu-ray.1080p.AVC.DTS-HD.MA.5.1.srt,1990,1996,1,1,0,2,0,1990
Keep.Cool.1997.DVDRip.AC3.x264.chs.srt,1990,1997,1,12,0,0,0,1990
三毛从军记.srt,1990,None,0,1,0,0,0,1990
Fist.of.Legend.1994.精武英雄.BluRay.1080P.H264.AAC.ass,1990,1994,2,3,1,1,0,1990
The.Soong.Sisters.1997.720p.BluRay.x264.DTS-WiKi.繁体.srt,1990,1997,4,0,0,0,0,1990
甲方乙方.The.Dream.Factory.1997.1080p.BluRay.REMUX.AVC.TrueHD.4.0.ass,1990,1997,5,3,2,0,0,1990
赌神2[国语字幕]God.of.Gamblers.Return.1994.FRA.Blu-ray.1080p.AVC.DTS-HD.MA.5.1.srt,1990,1994,3,0,0,0,0,1990
Troublesome.Night.2.1997.BluRay.720p.x264.FLAC.2Audios-CMCT.chs.srt,1990,1997,3,3,0,0,0,1990
Once.Upon.a.Time.in.China.II.1992.CHINESE.REMASTERED.1080p.BluRay.x265-VXT.简体中文字幕AndyX.Net重新矫正(适配时长1 h 53 min 8 s 520 ms),1990,1992,0,0,0,0,0,1990
背靠背，脸对脸 Back.to.Back.Face.to.Face.1994.CHINESE.1080p.BluRay.x264.FLAC.2.0-HANDJOB.chs.ass,1990,1994,3,0,0,0,0,1990
The.Unmatchable.Match.1990.BluRay.720p.x264.AC3.2Audios-CMCT.chs.ass,1990,1990,2,1,0,1,0,1990
Police Story 3 Supercop Remastered 1992 1080p BluRay DTS 2Audio x264-HDS.srt,1990,1992,0,0,0,0,0,1990
新不了情.love without end.1970.sb.dvdrip.srt,1990,1970,2,1,0,4,0,1970
The.Element.of.Crime.1984.CC.D9.chs.srt,1990,1984,0,1,0,0,0,1980
驱魔警察.magic.cop.1990.gbr.gbr.bluray.chs.srt,1990,1990,0,0,0,0,0,1990
太极张三丰 The Tai-chi Master （1993） 特效简体字幕.ass,1990,1993,0,0,0,0,0,1990
Treasure.Hunt.1994.720p.BluRay.x264-WiKi_chs.srt,1990,1994,0,0,0,0,0,1990
开心鬼上错身 Happy Ghost 5 DVD.1991.对应国语.chi.srt,1990,1991,1,0,0,1,0,1990
A.Chinese.Ghost Story.The.Tsui.Hark.Animation.1997.HK.BluRay.国语简体.ass,1990,1997,0,0,0,0,0,1990
香港制造.made.in.hong.kong.1997.1080p.bluray.x264-regret.chs.ass,1990,1997,0,0,0,0,0,1990
阮玲玉 centre.stage.1992.1080p.bluray.x264-melite.srt,1990,1992,3,0,0,0,0,1990
"40carats-livullmann,genekelly.avi.chs.srt",1990,None,13,14,0,0,0,1990
独立时代.A.Confucian.Confusion.1994.DVDRip.HALFCD.CHS.srt,1990,1994,0,0,0,0,0,1990
千王之王（2000）匹配（1：33：03）,1990,2000,0,0,0,0,0,2000
暗战2.Running.Out.Of.Time.2.2001.Blu-Ray.1080P.AVC.TrueHD.7.1.CHD.eng.srt,1990,2001,0,0,0,0,0,2000
Chungking.Express.1994.CHINESE.2160p.UHD.BluRay.x265.10bit.HDR.DTS-HD.MA.5.1-RARBG.ass,1990,1994,2,5,0,2,0,1990
南海十三郎 The.Mad.Phoenix.1997.CHINESE.1080p.BluRay.x264-HANDJOB.chs.ass,1990,1997,2,0,0,2,0,1990
和平饭店 peace hotel 1995 hkg blu-ray 1080p avc truehd 5.1-doraemon.srt,1990,1995,0,0,0,0,0,1990
过年.1995.web-dl.the spring festival.2audio.@至尊宝_track6_[chi].srt,1990,1995,0,1,0,0,0,1990
东方三侠2现代豪侠传[国配]executioners.1993.fra.uhd.blu-ray.2160p.hevc.dts-hd.ma.5.1.srt,1990,1993,0,0,0,0,0,1990
God.of.Gamblers.II.1991.BluRay.1080p.x265.10bit.2Audio-MiniHD.srt,1990,1991,0,4,0,0,0,1990
王祖贤贴吧精准校对版，新流星蝴蝶剑，简体中文字幕.srt,1990,None,0,0,0,0,0,1990
倩女幽魂2 简体.ass,1990,None,0,2,0,0,0,1990
秋菊打官司.The.Story.of.Qiu.Ju.1992.1080p.BDMV.AVC.LPCM.2.0.ass,1990,1992,0,0,0,0,1,1990
Dirty.Weekend.2015.720p.WEB-DL.DD5.1.H264-RARBG.chs.srt,1990,2015,6,33,1,3,0,2010
kindaichi.shonen.no.jikenbo.shanghai.ningyo.densetsu.1997.1080p.bluray.dd2.0.x264-hds.chs.srt,1990,1997,0,0,0,0,0,1990
宝莲灯_1999_简体中文,1990,1999,0,3,0,0,0,1990
纵横四海 Once.A.Thief.1991.1080p.BluRay.x264-WiKi.chs&eng.ass,1990,1991,2,4,0,1,0,1990
大话西游之大圣娶亲 A.Chinese.Odyssey.Part.Two.Cinderella.1995.1080p.BluRay.REMUX.AVC.DTS-HD.MA.6.1.chs&eng.ass,1990,1995,0,0,0,0,0,1990
【国配版】Eighteen.Springs.1997.BluRay.1080p.x265.10bit.3Audio-MiniHD,1990,1997,0,0,0,0,0,1990
风柜来的人 the.boys.from.fengkuei.1983.720p.bluray.x264-usury.chs.srt,1990,1983,2,2,0,0,0,1980
Cook.Up.a.Storm.2017.720p.BluRay.x264-WiKi.HK.chs.srt,1990,2017,11,0,0,0,0,2010
Young.and.Dangerous.1996.CHINESE.1080p.NF.WEBRip.DDP2.0.x264-NOGRP.chs.srt,1990,1996,2,0,0,1,0,1990
城市猎人 City Hunter （1993）特效简体字幕.ass,1990,1993,0,0,0,0,0,1990
[武状元苏乞儿].King.of.Beggars.1992.BluRay.国配.srt,1990,1992,0,0,0,1,0,1990
白发魔女2.the.bride.with.white.hair.2.1993.hkg.blu-ray.1080p.avc.truehd5.1-mteam_chi.srt,1990,1993,1,0,0,0,0,1990
The.Unity.of.Heroes.2018.720p.BluRay.x264-WiKi.chs.srt,1990,2018,1,0,2,0,0,2010
[男妇女主任].nan.fu.nv.zhu.ren.1998.cctv6hd.720p.x264-chdtv.srt,1990,1998,0,1,0,0,0,1990
嗜血战神.ass,1990,None,0,1,0,0,0,1990
鬼打鬼6甩皮鬼(金装鬼打鬼).skin-stripper.1992.dvdrip.h264.aac.960p-beizhizi .srt,1990,1992,0,0,0,0,0,1990
wicked.city.1987.1080p.bluray.x264-haiku.srt,1990,1987,0,0,0,0,0,1980
The.Chinese.Feast.1995.CHINESE.1080p.BluRay.x264.DTS-CHD.chs.srt,1990,1995,0,3,0,0,0,1990
咏春[国语字幕]wing.chun.1994.ger.blu-ray.1080p.avc.dd.5.1.srt,1990,1994,0,0,0,0,0,1990
Lifeline.1997.720p.BluRay.x264-WiKi.繁体.srt,1990,1997,2,3,0,0,0,1990
红番区.Rumble.in.the.Bronx.1995.BluRay.1080p.DTS.2Audio.简体中文chs.srt,1990,1995,0,0,0,0,0,1990
百变星君.Sixty.Million.Dollar.Man.1995.CHINESE.1080p.BluRay.H264.AAC-VXT.简体中文字幕.srt,1990,1995,1,1,0,1,0,1990
少年吔，安啦.dust.of.angels.1992.bluray.chs.srt,1990,1992,0,0,0,0,0,1990
绝代双骄.handsome.siblings.1992.hkg.blu-ray.1080p.avc.truehd.5.1-mteam_chi.srt,1990,1992,0,0,0,0,0,1990
大决战1辽沈战役.ass,1990,None,2,0,0,1,0,1990
活着.To.Live.1994.1080p.BDMV.AVC.LPCM.2.0.ass,1990,1994,0,0,0,0,0,1990
赌圣.all.for.the.winner.1990.bluray.chs.srt,1990,1990,4,0,0,1,0,1990
简体.ass,1990,None,2,22,0,1,0,1990
Tricky.Business.1995.BluRay.720p.x264.FLAC.2Audios-CMCT.chs.srt,1990,1995,2,0,0,0,0,1990
once upon a time in china ii.1992.bluray.chs.asxzwang.srt,1990,1992,0,0,0,0,0,1990
爆裂刑警.bullets.over.summer.1999.hkg.blu-ray.1080p.avc.truehd.5.1-mteam_chi.srt,1990,1999,1,0,0,0,0,1990
每天爱你8小时.your.place.or.mine.1998.hkg.blu-ray.1080p.avc.truehd5.1-mteam_chi.srt,1990,1998,1,0,0,0,0,1990
双旗镇刀客.the.swordsman.in.double.flag.town.1991.1080p.bluray.h264.aac-vxt.srt,1990,1991,0,0,0,0,0,1990
洗澡.shower.1999.web-dl.4k.h265.aac-中文字幕.ass,1990,1999,0,2,0,0,0,1990
红樱桃.red cherry.1995.chs.ass,1990,1995,0,0,0,1,0,1990
玛德莲娜.srt,1990,None,0,4,1,0,0,1990
princess.yang.kwei-fei.1955.1080p.bluray.x264-usury.chs.ass,1990,1955,0,2,0,0,0,1950
大决战3平津战役.ass,1990,None,13,0,0,2,0,1990
古今大战秦俑情.fight.and.love.with.a.terracotta.warrior.1989.1080p.nf.web-dl.ddp2.0.x264-doa.chs.srt,1990,1989,2,0,0,0,0,1980
alls.wellends.well.97.1997.1080p.web-dl.aac.h.264.chd.chs.srt,1990,1997,3,1,5,1,0,1990
nan.guo.zai.jan.nan.guo.aka.goodbye.south.goodbye.1996.dvdrip.x264.chs.srt,1990,1996,2,0,0,0,0,1990
千王1991.great.pretenders.1991.hkg.blu-ray.1080p.avc.lpcm.2.0-mteam_chi.srt,1990,1991,1,2,0,0,0,1990
【与龙共舞(国粤)】Dances.With.the.Dragon.1991.Bluray.1080p.DTS.2Audio.x264-CHD.srt,1990,1991,2,0,0,1,0,1990
决战之后  決戰之後 after the final battle (1991),1990,1991,28,0,0,1,0,1990
新上海滩.shanghai.grand.1996.dvdrip.x264.ac3-dtmm.chs.srt,1990,1996,0,0,1,0,0,1990
赌城大亨之新哥传奇.casino.tycoon.1992.chinese.1080p.bluray.h264.aac-vxt,1990,1992,2,1,0,0,0,1990
风云雄霸天下stormrider.1998.bluray.1080p.dtshd.2audio.x264-chd.srt,1990,1998,0,0,0,0,0,1990
vive.l.amour.1994.dvdrip.divx.chs.srt,1990,1994,3,1,0,0,0,1990
精武英雄.fist.of.legend.1994.bluray.us.1080p.dd2.0.2audio.x264-chd.chs.ass,1990,1994,3,1,1,1,0,1990
三毛从军记 精校 完美 电影版 带歌词,1990,None,0,0,0,0,0,1990
小武 Pickpocket.1997.1080p.AMZN.WEB-DL.DDP2.0.H.264-TEPES.chs.ass,1990,1997,0,2,0,0,0,1990
六指琴魔.demon.of.the.lute.1983.fra.blu-ray.1080i.avc.dts-hd.ma.2.0.srt,1990,1983,0,0,0,2,0,1980
father.son.and.the.old.car.1990.dvdremux.dd5.1-lch.chs.srt,1990,1990,5,0,0,0,0,1990
锦绣前程.long.and.winding.road.1994.hkg.blu-ray.1080p.avc.truehd.5.1-mteam_chi.srt,1990,1994,3,6,0,0,0,1990
滚滚红尘.red.dust.1990.hkg.blu-ray.1080p.avc.dts-hd.ma.2.0-mteam_chi.srt,1990,1990,0,0,0,0,0,1990
逃学威龙2 fight.back.to.school.ii.1992.bluray.720p.x264.ac3.2audios-cmct.srt,1990,1992,3,0,0,2,0,1990
【CC标准收藏版】海上花.Flowers.of.Shanghai.1998.1080p.BluRay.x264-USURY.chs.srt,1990,1998,0,0,0,0,0,1990
星愿.fly.me.to.polaris.1999.hkg.blu-ray.1080p.avc.truehd.5.1-mteam_chi.srt,1990,1999,2,0,0,1,0,1990
东邪西毒Ashes.Of.Time.1994.CHINESE.1080p.BluRay.x265-VXT,1990,1994,0,0,0,0,0,1990
"金枝玉叶.He's.a.Woman,.She's.a.Man.1994.DVDRip.X264.AA.chs.srt",1990,1994,0,0,0,0,0,1990
The.Three.Swordsmen.1994.WEB-DL.4K.HFR.H.265.AAC-CTRLTV.chs.ass,1990,1994,0,0,0,0,0,1990
五魁.the.wooden.man's.bride【机翻中文字幕】,1990,None,0,0,0,0,0,1990
川島芳子(1990).ass,1990,1990,0,0,0,1,0,1990
漫画威龙之大话特务 히트맨.2019.ass,1990,2019,1,0,0,0,0,2010
hd4u-rumblebr-720.chs.srt,1990,None,2,0,0,0,0,1990
drunken.master.ii.1994.bluray.3audio.720p.x264-chd.chs.srt,1990,1994,2,0,0,0,0,1990
新难兄难弟.1080p.srt,1990,1080,6,3,0,0,0,1080
枪火（1999）匹配（1：23：59）,1990,1999,0,0,0,1,0,1990
dragon seed 1944 dvdrip x264-hj.srt,1990,1944,2,1,2,1,0,1940
【简体中文】本命年.black.snow.1990.chs.srt,1990,1990,5,22,0,1,0,1990
【CC标准收藏版】牯岭街少年杀人事件.A.Brighter.Summer.Day.1991.Criterion.Collection.720p.BluRay.x264-WiKi.chs.srt,1990,1991,0,0,0,0,0,1990
喜宴.The.Wedding.Banquet.1993.1080p.BluRay.x264-PublicHD.srt,1990,1993,0,7,0,0,0,1990
The.Emperor.And.The.Assassin.1999.ass,1990,1999,0,0,0,0,0,1990
鹿鼎记2神龙教[粤语字幕]Royal.Tramp.1992.GBR.Blu-ray.1080p.AVC.DTS-HD.MA.5.1.srt,1990,1992,0,1,0,0,0,1990
黄河绝恋.griefovertheyellowi.1999.track7.chs.srt,1990,1999,2,0,0,2,0,1990
古惑仔3之只手遮天Young.and.Dangerous.3.1996.720p.BluRay.x264-WiKi.srt,1990,1996,0,0,0,0,0,1990
《賭俠ⅱ之上海灘賭聖》港版蓝光粤语廣東話字幕.ass,1990,None,1,2,0,0,0,1990
超级学校霸王.future.cops.1993.chinese.1080p.bluray.h264.aac-vxt.srt,1990,1993,1,0,0,1,0,1990
Young.and.Dangerous.2.1996.CHINESE.1080p.NF.WEBRip.DDP2.0.x264-NOGRP.chs.srt,1990,1996,4,2,0,2,0,1990
賭聖２：街頭賭聖 .1995.ass,1990,1995,0,0,0,0,0,1990
Ruan Ling Yu 1991 1080p USA Blu-ray AVC LPCM 2 0-MM,1990,1991,4,0,0,0,0,1990
the.incredible.monk.2018.bdrip.x264.2ac3.srt,1990,2018,0,0,0,0,0,2010
Who.You.Think.I.Am.2019.720p.BluRay.x264-WiKi.chs&eng.ass,1990,2019,4,2,0,0,0,2010
逃学威龙iii之龙过鸡年 fight.back.to.school.iii.1993.bluray.720p.x264.ac3.2audios-cmct.srt,1990,1993,5,1,0,1,0,1990
阳光灿烂的日子 In.the.Heat.of.the.Sun.1994.Restoration.1080p.BluRay.x264.DTS-CTRLHD.chs.ass,1990,1994,6,4,0,0,0,1990
city.of.ember.2008.720p.bluray.x264-sinners.chs.srt,1990,2008,0,7,0,1,0,2000
[岁月风云之上海皇帝].lord.of.east.china.sea.1993.chinese.1080p.bluray.x264.dd2.0-fgt.v2.srt,1990,1993,8,0,0,0,0,1990
师兄撞鬼.国语中字.1990.1080p.ass,1990,1990,3,1,0,1,0,1990
孝子贤孙伺候着.ass,1990,None,0,2,0,0,0,1990
梁祝.srt,1990,None,0,0,0,0,0,1990
大决战2淮海战役.ass,1990,None,12,1,0,3,0,1990
[一本漫画闯天涯].my.hero.1990.bluray.国配.srt,1990,1990,1,0,0,1,0,1990
新天龙八部之天山童姥.the.dragon.chronicles.1994.hkg.blu-ray.1080p.avc.truehd.5.1-mteam_chi.srt,1990,1994,0,0,0,0,0,1990
不见不散.Be.There.or.Be.Square.1998.1080p.BluRay.REMUX.AVC.TrueHD.2.0.ass,1990,1998,6,0,0,0,2,1990
大红灯笼高高挂.Raise.the.Red.Lantern.1991.1080p.BDMV.AVC.DTS-HD.MA.5.1.ass,1990,1991,0,0,0,0,0,1990
醉拳2.Drunken.Master.II.1994.Bluray.720p.x264.AC3.精校国配字幕.srt,1990,1994,0,0,0,0,0,1990
[没事偷着乐].a.tree.in.the.house.2000.hdtv.720p.x264.ac3-cmct.srt,1990,2000,2,4,0,1,1,2000
飞鹰计划[国语字幕]Armour.of.God.II.Operation.Condor.1991.USA.Blu-ray.1080p.AVC.DTS-HD.MA.2.0.srt,1990,1991,0,0,0,0,0,1990
龙在边缘.century.of.the.dragon.1999.dvdrip.chs.srt,1990,1999,0,0,0,0,0,1990
神偷谍影（逐字精校版）1h29m版本.ass,1990,None,0,0,0,0,0,1990
国产凌凌漆[国语字幕]From.Beijing.with.Love.1994.FRA.Blu-ray.1080p.AVC.DTS-HD.MA.5.1.srt,1990,1994,0,0,0,0,0,1990
the.crimson.petal.and.the.white.ep4.cht&eng.srt,1990,None,5,1,0,0,0,1990
[赵先生].mr.zhao.1998.dvdrip.x264.ac3-cmct【精校注释版】.srt,1990,1998,1,5,0,0,0,1990
简体字幕.ass,1990,None,0,0,0,0,0,1990
哗鬼旅行团 forced nightmare (1992) hdtv,1990,1992,0,0,0,0,0,1990
棋王.king.of.chess.1991.web-dl.1080p.x264.aac.srt,1990,1991,5,0,0,0,1,1990
the.butcher.the.chef.and.the.swordsman.2011.cn.dvdrip.xvid-wzw.chs.srt,1990,2011,0,1,0,0,2,2010
新龙门客栈.Dragon.Inn.1992.CHINESE.1080p.BluRay.H264.AAC-VXT.ass,1990,1992,0,0,0,0,0,1990
九品芝麻官.Hail.the.Judge.1994.srt,1990,1994,0,0,0,0,0,1990
[特警新人类2：机动任务].gen.y.cops.2000.dvdrip.x264.aac.chs.srt,1990,2000,3,0,0,0,0,2000
水浒传之英雄本色.All.Men.Are.Brothers.Blood.of.the.Leopard.1993.WEB-DL.1080p.H.264.AAC-CTRLTV.chs.ass,1990,1993,0,0,0,0,0,1990
Cyrano.2021.1080p.BluRay.x265-RARBG,1990,2021,1,0,0,0,0,2020
ending.note.2011.srt,1990,2011,0,0,0,0,0,2010
cold.fish.2010.1080p.bluray.x264-sonido.srt,1990,2010,6,0,0,0,0,2010
倚天屠龙记之魔教教主（1993） 特效简体字幕.ass,1990,1993,1,0,0,0,0,1990
南海十三郎.the.mad.phoenix.1997.blu-ray.remux.1080p.avc.truehd5.1-ghyx.chs.srt,1990,1997,2,0,0,2,0,1990
横空出世 Roaring Across the Horizon 1999 WEB-DL 1080P H264 AAC-doraemon.chs.srt,1990,1999,0,0,0,0,0,1990
1999 宝莲灯.srt,1990,1999,0,3,0,0,0,1990
hill of no return 1992 1080p web-dl.ass,1990,1992,0,0,0,0,0,1990
Once.Upon.a.Time.in.China.III.1993.CHINESE.REMASTERED.1080p.BluRay.x265-VXT（CC版）,1990,1993,3,1,0,0,0,1990
神经刀与飞天猫 Flying.Dagger.1993.DVD9.chs.srt,1990,1993,3,0,0,0,0,1990
魔幻厨房（繁体字幕）magic.kitchen.2004.dvdrip.xvid-bob.cht.srt,2000,2004,10,9,0,0,0,2000
旺角黑夜.one.nite.in.mongkok.2004.blu-ray.chs.srt,2000,2004,0,0,0,0,0,2000
你那邊幾點 (简体字幕)what.time.is.it.there.2001.chs.srt,2000,2001,1,0,0,0,0,2000
黑白森林(国语简中字幕)colour of the truth 2003 web-dl 1080p h264 aac-fdhd.srt,2000,2003,1,2,0,2,0,2000
夏日么么茶.summer.holiday.2000.chinese.1080p.bluray.remux.avc.lpcm.2.0-fgts.ass,2000,2000,6,1,0,0,0,2000
仲夏夜玫瑰【简体】eves.bayou.1997.1080p.amzn.web-dl.dd2.0.x264-monkee.chs.srt,2000,1997,0,1,0,0,0,1990
上车走吧 2000 web修复版,2000,2000,1,2,0,0,0,2000
可可西里.mountain.patrol.2004.chinese.1080p.nf.webrip.ddp5.1.x264-ao.srt,2000,2004,1,1,2,0,0,2000
[开往春天的地铁].spring.subway.2002.720p.hdtv.x264-ngb.ssa,2000,2002,1,0,0,0,0,2000
if.you.are.the.one.2008.bluray.720p.x264.dts-wiki.chs.srt,2000,2008,2,3,0,0,0,2000
warriors of heaven and earth 2003 bdrip 1080p x264 ac3 audio-chd.d2.chs.srt,2000,2003,0,0,0,0,0,2000
行运超人 国配简中精校 my.lucky.star.2003.1080p.bluray.remux.x264.flac.lpcm.2.0.2audio-c0ke.国配简中.ass,2000,2003,1,3,0,0,0,2000
atfirstsight.1999.dvdrip.avi.chs.srt,2000,1999,11,59,0,0,0,1990
Riding.Alone.for.Thousands.of.Miles.2005.CHINESE.1080p.NF.WEBRip.DDP2.0.x264-NOGRP.chs.srt,2000,2005,4,0,1,0,0,2000
rule.number.one.2008.retail.repack.dvdrip.xvid.chs.srt,2000,2008,2,0,0,0,0,2000
astro.boy.720p.bluray.x264-cbgb.chs.srt,2000,None,4,17,1,0,0,2000
独自等待 Waiting.Alone.2005.1080p.BluRay.x264-WiKi.chs.ass,2000,2005,8,4,1,0,0,2000
innocent.witness.2019.korean.1080p.bluray.x264.dts-wmd.chs.srt,2000,2019,10,0,0,0,0,2010
盲山.blind.mountain.uncut.2007.dvdrip.x264.ac3.chs.srt,2000,2007,1,0,0,0,0,2000
zu.warriors.2001.1080p.bluray.x264.aac5.1-[yts.mx].ass,2000,2001,0,0,0,0,0,2000
[陌生人之恋].love.with.the.proper.stranger.1963.1080p.bluray.x264-cinefile.srt,2000,1963,3,40,0,3,0,1960
[柔道龙虎榜].throw.down.2004.1080p.bluray.x264-ghouls.srt,2000,2004,0,0,0,0,0,2000
爱有来生 eternal beloved 2009 720p.hdtv.x264-cnscg.srt,2000,2009,0,3,0,0,0,2000
curse.of.the.golden.flower.2006.bluray.720p.dts.x264-chd.chs.srt,2000,2006,0,0,0,0,0,2000
Lan.Yu.2001.720p.BluRay.x264-WiKi.chs.ass,2000,2001,1,0,0,0,0,2000
好雨时节.a.good.rain.knows.2009.korean.1080p.bluray.h264.srt,2000,2009,21,3,3,1,2,2000
divergence.2005.bluray.720p.x264.ac3.2audios-cmct,2000,2005,0,0,0,0,0,2000
Eternal.Summer.2006.1080p.BluRay.DD.5.1.x264-LHD.chs.srt,2000,2006,0,0,0,0,0,2000
why.me.sweetie.2003.xvid.chs.ass,2000,2003,3,4,0,0,0,2000
运转手之恋.TheCabbie.2000.1080p.BluRay.x264.chs.ass,2000,2000,0,1,0,0,0,2000
[三更2].Three.Monster.2004.XviD.DTS.CD3-WAF.chs.srt,2000,2004,0,1,0,0,0,2000
永无止境withoutlimits.1998.chs.srt,2000,1998,1,7,0,0,0,1990
om.shanti.om.2007.bdrip.x264-tlf-cd2.chs.srt,2000,2007,1,9,3,0,0,2000
爱得起.give.love.2009.hk.dvdrip.x264.2audio.ac3.int-norm.chs.srt,2000,2009,0,3,0,0,0,2000
[恋战冲绳].okinawarendez-vous.2000.dvdrip.divx.chs.srt,2000,2000,2,1,0,0,0,2000
fit.lover.2008.bluray.1080p.dtshd.x264-chd.chs.srt,2000,2008,10,2,2,1,0,2000
薰衣草 Lavender.2000.BluRay.720p.x264.FLAC.2Audios-CMCT.chs.ass,2000,2000,0,0,0,0,0,2000
爱情神话 (简体字幕)fellini.satyricon.1969.criterion.collection.bluray.720p.x264.ac3-hd4u.chs.srt,2000,1969,0,3,0,0,0,1960
deadly.delicious.2008.dvd-rmvb.chs.ass,2000,2008,3,0,0,0,0,2000
mou.gaan.dou.ii.2003.1080p.bluray.dd5.1.x264-w4nk3r.chs.srt,2000,2003,3,0,0,2,0,2000
求求你表扬我.Gimme.Kudos.2005.ass,2000,2005,7,1,0,0,0,2000
七剑.Seven.Swoeds.2005.HK.BluRay.chs.ass,2000,2005,0,0,0,0,0,2000
归途列车.last.train.home.2009.1080p.amzn.web-dl.dd+2.0.x264-bhys.chs.ass,2000,2009,0,0,0,0,0,2000
李米的猜想 The.Equation.of.Love.and.Deat.2008.720p.WEB-DL.DD5.1.H264.chs.ass,2000,2008,0,9,0,0,0,2000
hollywood.hong.kong.2002.dvdrip.x264.ac3.chd.chs.srt,2000,2002,4,0,0,0,0,2000
聊斋艳谭9：聊斋画皮.erotic.ghost.story.ⅸ.2005.dvd5 chn.srt,2000,2005,1,0,0,0,0,2000
worth.2020.1080p.nf.web-dl.ddp5.1.x264-tepes.ass,2000,2020,0,0,0,0,0,2020
cj7.2008.bluray.1080p.x264.dts.chs.srt,2000,2008,5,0,0,1,0,2000
虽然只是弄丢了手机2.stolen.identity.2.2020.1080p.bluray.x264.dts-wiki.cht.srt,2000,2020,1,0,0,1,0,2020
暖春cctv版本.ssa,2000,None,0,5,0,0,0,2000
trackaduowan.2010.chs.srt,2000,2010,0,1,0,0,0,2010
the.twins.effect.2004.bluray.720p.dts.x264-chd.chs.srt,2000,2004,0,0,0,0,0,2000
oscar.1991.1080p.bluray.h264.aac-rarbg.chs.srt,2000,1991,5,9,3,0,0,1990
铁三角（2007）匹配（1：32：57）1280x532,2000,2007,0,0,0,0,0,2000
violet.and.daisy.2011.chs.srt,2000,2011,0,8,0,1,0,2010
新扎师妹 love.undercover.2002.chinese.1080p.bluray.x265-vxt.srt,2000,2002,0,0,0,0,0,2000
subway.1985.720p.bluray.x264-cinefile.chs.srt,2000,1985,8,0,4,0,0,1980
tokyo.raiders.2000.720p.bluray.x264-regret.srt,2000,2000,4,0,0,0,0,2000
mcdull.prince.de.la.bun.2004.dvdrip.xvid-imbt.chs.ass,2000,2004,1,1,0,0,2,2000
男人四十 (第2集简体字幕)fortysomething ep 2.chs.ass,2000,None,7,8,0,0,0,2000
夕阳天使（繁体字幕）so.close.2002.limited.dvdrip.xvid-saphire.cht.srt,2000,2002,1,0,0,0,0,2000
见鬼十法.the.eye.3.2005.hkg.blu-ray.1080p.avc.truehd5.1-mteam.chs.srt,2000,2005,1,1,0,0,0,2000
the.forbidden.kingdom.2008.bluray.720p.x264.dts-wiki.chs.srt,2000,2008,0,1,0,0,0,2000
冲出亚马逊.cctv6.hdtv国语配音.1080p.ass,2000,1080,2,2,0,0,0,1080
头文字d新剧场版：觉醒 新劇場版 頭文字d legend1 -覚醒- 2014.chs.ass,2000,2014,0,3,2,0,0,2010
needing.you.2000.chinese.1080p.bluray.h264.aac-vxt.srt,2000,2000,4,1,0,0,0,2000
the.detective.2007.bluray.720p.dts.2audio.x264-chd.eng.srt,2000,2007,0,0,0,0,0,2000
13.going.on.30.2004.x264.720p.dts.bdrip-chd.chs.srt,2000,2004,7,32,4,2,0,2000
最爱女人购物狂.the.shopaholics.2006.hkg.blu-ray.1080p.avc.truehd.5.1-mteam_chi.srt,2000,2006,3,0,0,0,0,2000
十月围城（2009）匹配（2：18：28）1920x816,2000,2009,0,0,0,0,0,2000
风声.the.messages.2009.720p.周迅李冰冰等众星.eng chn.ass,2000,2009,1,2,0,0,0,2000
tactical.unit.partners.2009.chs.srt,2000,2009,1,0,0,1,0,2000
on.his.ajesty.s.secret.service.2009.bluray.1080p.dts.2audio.x264-chd.chs.srt,2000,2009,0,1,0,2,0,2000
postmen.in.the.mountains.1999.1080p.bluray.x264-usury_chs.srt,2000,1999,0,0,0,0,0,1990
[瘦身男女].love.on.a.diet.2001.mandarin.dvdrip.divx.chs.srt,2000,2001,0,0,0,0,0,2000
芭啦芭啦樱之花.para.para.sakura.2001.hkg.blu-ray.1080p.avc.lpcm.2.0-mteam简中字幕,2000,2001,3,0,0,0,0,2000
夜.奔.fleeing.by.night.2000.1080p.itunes.web-dl.x264.aac-ghyx.chs.srt,2000,2000,7,0,0,0,0,2000
The.Flowers.Of.War.2011.720p.BluRay.H264.AAC-RARBG.Eng.srt,2010,2011,0,0,0,0,0,2010
The.Bravest.2019.GER.BluRay.720p.x264.AC3-CMCT.chs.srt,2010,2019,2,0,0,0,0,2010
驴得水.Mr.Donkey.2016.ass,2010,2016,0,5,1,0,0,2010
The.Bold.the.Corrupt.and.the.Beautiful.2017.720p.BluRay.x264-WiKi.chs.srt,2010,2017,2,0,0,0,0,2010
嫌疑人X的献身 2008 中日双语,2010,2008,3,0,0,0,0,2000
Bodies.at.Rest.2019.720p.BluRay.x264-WiKi.chs.srt,2010,2019,4,0,0,0,0,2010
[中国合伙人].American.Dreams.in.China.2013.CHINESE.1080p.BluRay.x264.DTS-FGT.srt,2010,2013,5,0,0,0,0,2010
Lost.in.Hong.Kong.2015.720p.BluRay.x264-ROVERS.chs.srt,2010,2015,4,2,1,1,0,2010
[行者使徒]Line.Walker.2016.720p.BluRay.x264-WiKi.eng.srt,2010,2016,0,0,0,0,0,2010
简英双显.srt,2010,None,0,0,0,0,0,2010
【白白爱分享】中国机长.The.Captain.2019.BluRay.1080p.DTS-HDMA5.1.x264-CHD.srt,2010,2019,2,0,3,0,0,2010
使徒行者2：谍影行动(中英双语，片长97分41秒）.ass,2010,None,0,0,0,0,0,2010
[浪矢解忧杂货店].Miracles.of.the.Namiya.General.Store.2017.JAPANESE.1080p.BluRay.H264.AAC-VXT.srt,2010,2017,5,1,0,1,0,2010
The.Great.Hypnotist.2014.ass,2010,2014,2,0,0,0,0,2010
后会无期[The.Continent.2014].CHINESE.1080p.BluRay.x264-iKiW.srt,2010,2014,2,0,0,0,0,2010
机器之血.Bleeding.Steel.2017.1080p.Bluray.DD5.1.x264-playHD[EtHD].ass,2010,2017,6,6,1,1,0,2010
我的少女时代.Our.Times.2015.1080p.BluRay.x264-ROVERS.eng.srt,2010,2015,0,0,0,0,0,2010
阳光普照 甜蜜电影字幕组外挂中字.srt,2010,None,1,2,8,0,0,2010
Suddenly.Seventeen.2015.CHINESE.720p.BluRay.H264.AAC-VXT_chsEng.srt,2010,2015,3,2,0,1,0,2010
L.Storm.2018.720p.BluRay.x264-WiKi.chs.srt,2010,2018,7,1,0,0,0,2010
San.Sheng.San.Shi.Shi.Li.Tao.Hua.2017.1080p.BluRay.DTS-HD.MA.7.1.x264-PbK-chs.srt,2010,2017,0,0,0,0,0,2010
Port.of.Call.2015.REPACK.Directors.Cut.BluRay.1080p.x264.DD5.1-HDChina .eng.srt,2010,2015,0,0,0,0,0,2010
Operation.Mekong.2016.1080p.BluRay.CHS&ENG.ass,2010,2016,5,1,1,0,0,2010
西游记之大圣归来.特效中英字幕.Monkey.King.Hero.Is.Back.2015.BluRay.1080p.x264.FLAC.2.0.ass,2010,2015,0,0,0,0,0,2010
[寒战2].Cold.War.II.2016.BDRip.X264.DualAudio.iNT-TLF.srt,2010,2016,2,0,0,0,0,2010
只有芸知道 (2019).srt,2010,2019,6,14,2,0,0,2010
nobodies 第三集 .ass,2010,None,0,8,1,0,0,2010
The.Shadow.Play.2018.Uncut.Hybird.1080p.WEBRip.AAC2.0.x265-MOMOHD.chs.srt,2010,2018,0,0,0,0,0,2010
夏洛特烦恼Goodbye.Mr.Loser.2015.720p.BluRay.xs264-WiKi.ass,2010,2015,2,0,0,0,0,2010
西虹市首富.Hello.Mr.Billionaire.2018.CHINESE.1080p.BluRay.H264.AAC.精校中字.srt,2010,2018,9,0,1,0,0,2010
Chongqing.Hot.Pot.2016.720p.BluRay.x264-WiKi.chs.srt,2010,2016,1,0,0,0,0,2010
Cook.Up.a.Storm.2017.720p.BluRay.x264-WiKi.HK.chs.srt,2010,2017,11,0,0,0,0,2010
The.Crossing.2018.CHINESE.1080p.NF.WEBRip.DDP5.1.x264-PLB.chs.srt,2010,2018,1,0,0,1,1,2010
From.Vegas.to.Macau.III.2016.720p.BluRay.x264-WiKi.chs.srt,2010,2016,6,0,0,0,0,2010
《奇门遁甲》The.Thousand.Faces.of.Dunjia.2020.WEB.chs-FFans@HDMove.ass,2010,2020,0,0,0,0,0,2020
How.Long.Will.I.Love.U.2018.720p.BluRay.x264-WiKi.chs.srt,2010,2018,4,1,0,0,0,2010
20.Once.Again.2015.720p.BluRay.x264-WiKi.chs.srt,2010,2015,2,0,0,0,0,2010
【白白爱分享】攀登者.The.Climbers.2019.BluRay.1080p.DTS-HDMA5.1.x264-CHD.srt,2010,2019,3,0,0,0,0,2010
The.Wasted.Times.2016.720p.BluRay.x264-WiKi.chs.ass,2010,2016,1,0,0,0,0,2010
nereid-mtb-cd2.chs.srt,2010,None,2,0,0,0,0,2010
You.Are.The.Apple.Of.My.Eye.720p.BluRay.x264.DTS-HD.Chs&ru.srt,2010,None,0,0,0,0,0,2010
Wunderkinder.2011.720p.BluRay.x264.DTS-HDChina.HR-HDTV-muxed.cht.ass,2010,2011,5,1,1,0,0,2010
Reset.2017.720p.BluRay.x264-WiKi.chs.srt,2010,2017,3,0,0,1,0,2010
李宗盛「既然青春留不住-还是做个大叔好」演唱会 Jonathan Lee Even If Youth Is Never Lasting World Tour LIVE (2016).srt,2010,2016,1,3,0,0,0,2010
From.Vegas.to Macau.II.2015.720p.BluRay.x264-WiKi.chs.srt,2010,2015,4,0,0,0,0,2010
特殊身份 完美国语电影版,2010,None,1,0,1,0,0,2010
2、我不是潘金莲 - 简体.ass,2010,None,0,0,0,0,0,2010
无人区 No.Mans.Land.2013.CHINESE.1080p.BluRay.H264.AAC-VXT.srt,2010,2013,1,0,0,0,0,2010
Women.Who.Flirt.2014.1080p.BluRay.x264-WiKi.chs.srt,2010,2014,6,1,0,0,0,2010
From.Vegas.to.Macau.2014.1080p.BluRay.x264-WiKi.chs.srt,2010,2014,7,0,0,0,0,2010
山河故人 Mountains.May.Depart.2015.1080p.BluRay.x264.DTS-WiKi.chs.ass,2010,2015,8,3,2,0,0,2010
Wu.Kong.2017.720p.BluRay.x264-WiKi.CN.chs.srt,2010,2017,0,0,0,0,0,2010
Pleasant.Goat.and.Big.Big.Wolf.2010.eng.srt,2010,2010,0,0,0,0,0,2010
浮城谜事 Mystery.2012.CHINESE.1080p.NF.WEBRip.DDP5.1.x264-NOGRP.chs.ass,2010,2012,9,0,0,0,0,2010
Hidden.Man.2018.CHINESE.720p.BluRay.H264.AAC-VXT.chseng.srt,2010,2018,0,6,0,0,0,2010
滚蛋吧！肿瘤君 (2015) Go.Away.Mr.Tumor.2015.CHINESE.1080p.WEBRip.x265-VXT,2010,2015,3,1,0,0,0,2010
二十[Twenty.2015].KOREAN.1080p.BluRay.x264-iKiW.srt,2010,2015,13,2,0,0,0,2010
豆瓣TOP250-大佛普拉斯 The.Great.Buddha+2017.BluRay.1080p.x265.10bit.MNHD-FRDS.srt,2010,2017,1,0,0,0,0,2010
Mojin.The.Worm.Valley,2010,None,0,0,0,0,0,2010
P.Storm.2019.720p.BluRay.x264-WiKi.chs.srt,2010,2019,0,0,0,0,0,2010
Les.Aventures.d'Anthony.2015.720p.BluRay.x264-WiKi.chs.srt,2010,2015,14,14,1,3,0,2010
[暴裂无声]Wrath.of.Silence.2017.1080p.BluRay.x264.DTS-WiKi.srt,2010,2017,2,2,0,0,0,2010
[七月与安生].SoulMate.2016.1080p.Blu-ray.AVC.DTS-HD.MA.5.1-HDChina.srt,2010,2016,3,1,0,0,0,2010
十二公民.12.Citizens.2014.1080p.WEB-DL.H264.AAC-iTunes.srt,2010,2014,0,0,0,0,0,2010
Under.the.Hawthorn.Tree.2010.BluRay.1080p.DTS.x264-CHD,2010,2010,1,0,0,0,0,2010
陪考老炮儿 Papi Sitter (2020) Papi-Sitter.2020.REPACK.FRENCH.1080p.WEB.H264-EXTREME [Malentendants].srt,2010,2020,0,0,0,0,0,2020
唐人街探案2.srt,2010,None,2,0,0,0,0,2010
The.Master.2012.1080p.BluRay.x265-RARBG.ass,2010,2012,24,0,8,2,0,2010
地久天长 (185 分钟) So.Long.My.Son.2019.CHINESE.1080p.BluRay.x264.DTS-iKiW.Eng.srt,2010,2019,0,0,0,0,0,2010
[我不是药神].Dying.to.Survive.2018.BluRay.Remux.1080p.AVC.Atmos.7.1-MTeam.srt,2010,2018,2,0,0,0,0,2010
赛德克·巴莱 Warriors.Of.The.Rainbow.Seediq.Bale.PART1.2011.BluRay.1080p.DTS.x264-CHD.chs.ass,2010,2011,6,0,0,1,0,2010
受益人 My.Dear.Liar.2019.1080p.DSNP.WEB-DL.AAC2.0.H.264-PandaMoon.chs.ass,2010,2019,3,0,0,0,0,2010
Nine.Lives.2016.ass,2010,2016,7,3,1,1,0,2010
Fall in Love at First Kiss 2019 720p BluRay x264 -WiKi.chs.srt,2010,2019,1,0,0,0,0,2010
Lost.on.journey.2010.DVDrip.Xvid.Chs.srt,2010,2010,0,11,0,0,0,2010
Bread.Bus.and.the.Second.First.Love.2018.720p.BluRay.x264.DTS-WiKi.chs.ass,2010,2018,4,0,4,0,0,2010
【中文】路边野餐 Kaili.Blues.2015.1080p.BluRay.DTS.x264-HDS.srt,2010,2015,0,0,0,0,0,2010
The.Legend.of.Zu.2018.720p.BluRay.x264-WiKi.chs.srt,2010,2018,0,0,0,0,0,2010
捉妖记 Monster.Hunt.2015.CHINESE.1080p.BluRay.x265-VXT.ass,2010,2015,0,0,0,0,0,2010
Operation.Red.Sea.2018.BluRay.cheng.srt,2010,2018,2,0,0,0,0,2010
廉政风云.Integrity.2019.Blu-ray.1080p.AVC.TrueHD.Atmos.7.1-TTG.srt,2010,2019,4,0,0,0,0,2010
Detective.Dee.and.the.Mystery.of.the.Phantom.Flame.2010.DVDRIP.XviD.AC3-ZJM.Big5.srt,2010,2010,0,0,0,0,0,2010
"我和我的祖国My People, My Country 2019 WEB-DL WEB-DL 1080p H.264 Dolby Digital Plus with Dolby Atmos-Dave.CHS.srt",2010,2019,1,5,0,0,0,2010
[扫毒2·天地对决].The.White.Storm.2.Drug.Lords.2019.2160p.UHD.BluRay.x265.10bit.HDR.TrueHD.7.1.Atmos-DDR.srt,2010,2019,3,3,0,0,0,2010
熊出没之夺宝熊兵 (简体字幕)Boonie.Bears.Robo.Rumble.2014.BluRay.720p.x264.AC3.3Audios-CMCT.chs.ass,2010,2014,2,4,0,1,0,2010
大话西游III A.Chinese.Odyssey.Part.III.2016.1080p.BluRay.x264-WiKi.srt,2010,2016,0,0,0,0,0,2010
Silent.Witness.2013.CHINESE.1080p.BluRay.x264.DD5.1-LHD.srt,2010,2013,3,0,1,0,0,2010
The.Island.2018.720p.BluRay.x264-WiKi.chs.srt,2010,2018,0,0,0,0,0,2010
追凶者也.Cock.and.Bull.2016.ass,2010,2016,0,0,0,0,0,2010
Lost.in.Thailand.2012.CHINESE.PROPER.1080p.BluRay.H264.AAC-VXT.srt,2010,2012,7,2,0,0,0,2010
白蛇：缘起.White.Snake.2019.BluRay.1080p.FFans@HDMove.ass,2010,2019,0,0,0,0,0,2010
Chasing.the.Dragon.II.Wild.Wild.Bunch.2019.CHINESE.1080p.BluRay.REMUX.AVC.DTS-HD.MA.TrueHD.5.1-FGT.ass,2010,2019,1,1,0,0,0,2010
西游降魔篇.Journey.To.The.West.Conquering.The.Demons.2013.Dual.Audio.BDRip.X264-BETRAYER.chs.srt,2010,2013,0,0,0,0,0,2010
The.Legend.of.Hei.2021.1080p.Bluray.DTS-HD.MA.5.1.X264-EVO.srt,2010,2021,1,0,0,0,0,2020
BBC.Ultimate.Swarms群居动物的疯狂世界.2013.1080p.H265.srt,2010,2013,0,0,0,0,0,2010
刘德华.黄晓明-偷天特务.Mission.Milano.2016.CHINESE.720p.BluRay.x264.DD5.1-MT.mkv_1484581023 .ass,2010,2016,9,0,3,0,0,2010
天·火.Skyfire.2019.CHINESE.1080p.WEB-DL.DD5.1.H.264-FGT,2010,2019,0,3,1,0,0,2010
你好，之华Last Letter 2018 1080p JPN Blu-ray AVC LPCM 2.0-ANKO.CHS.srt,2010,2018,14,1,0,1,0,2010
The.Monkey.King.3.2018.720p.BluRay.x264-WiKi.chs.srt,2010,2018,0,0,0,0,0,2010
Monster.Hunt.2.2018.720p.BluRay.x264-WiKi.chs.srt,2010,2018,0,0,0,1,0,2010
Book.of.Love.2016.720p.BluRay.x264-WiKi.chs.srt,2010,2016,1,4,0,0,0,2010
S.Storm.2016.720p.BluRay.x264-WiKi.chs.srt,2010,2016,5,0,2,0,0,2010
(蓝光版国语配音字幕) 新喜剧之王 The.New.King.of.Comedy.2019.1080p.BluRay.x264-WiKi.Chs.srt,2010,2019,6,1,0,0,0,2010
乘风破浪.Duckweed.2017.1080p.BluRay.x264-WiKi.chs.ass,2010,2017,0,0,0,0,0,2010
If.You.Are.The.One.II.2010.HR-HDTV.AC3.1024X576.x264.Chs.ass,2010,2010,8,0,0,0,0,2010
[妖猫传].Legend.of.the.Demon.Cat.2017.2160p.UHD.BluRay.x265.10bit.HDR.TrueHD.7.1.Atmos-DDR.srt,2010,2017,0,0,0,0,0,2010
End.Game.2021.CHINESE.1080p.BluRay.x264.DD5.1-iKiW.简3.ass,2020,2021,11,1,0,0,0,2020
Nezha.2021.BluRay.720p.x264.AC3.2Audios-CMCT.chs.srt,2020,2021,2,4,0,0,0,2020
魂断蓝桥 Waterloo.Bridge.1940.1080p.BluRay.x264.DTS-LHD.chs&eng.ass,2020,1940,17,5,2,2,0,1940
Hot.Bot.2016.1080p.NF.WEB-DL.DD5.1.x264-monkee.chs.srt,2020,2016,15,18,2,2,0,2010
世间有她 Hero.2022.1080p.BluRay.x264-CTRLHD.chs.ass,2020,2022,6,1,0,0,0,2020
End.Game.2021.CHINESE.1080p.BluRay.x264.DD5.1-iKiW.简2.ass,2020,2021,11,1,0,0,0,2020
My.Country.My.Parents.2021.1080p.BluRay.x264-WiKi.chs.srt,2020,2021,0,0,0,0,0,2020
绝地战警：疾速追击.(2020) 蓝光原盘(1080P&2160P) REMUX 特效字幕.txt,2020,2020,0,0,0,0,0,2020
温暖的抱抱 (2020).srt,2020,2020,5,0,0,0,0,2020
赤色大風暴.1990.BDRip.2AC3.HKFACT@NO.7.简.srt,2020,1990,0,0,0,0,0,1990
When.a.Stranger.Calls.1979.REMASTERED.1080p.BluRay.X264-AMIABLE.chs.srt,2020,1979,15,25,0,0,0,1970
Enormous.Legendary.Fish.2020.CHINESE.WEB-DL.1080p.chs.srt,2020,2020,0,0,0,0,0,2020
End.Game.2021.CHINESE.1080p.BluRay.x264.DD5.1-iKiW.简1.ass,2020,2021,11,1,0,0,0,2020
中国医生 Chinese.Doctors.2021.720p.BluRay.x264-WiKi.chs.ass,2020,2021,6,0,0,0,0,2020
如果声音不记得 (2020).srt,2020,2020,0,0,1,0,0,2020
明日战记 Warriors.of.Future.2022.1080p.NF.WEB-DL.DUAL.DDP5.1.H.264-SMURF.chs.ass,2020,2022,0,0,0,0,0,2020
Crocodile.Island.2020.BDRip.X264.AC3.srt,2020,2020,3,0,0,0,0,2020
深海.Deep.Sea.2023.BluRay.chs.srt,2020,2023,1,0,0,0,0,2020
End.Game.2021.CHINESE.1080p.BluRay.x264.DD5.1-iKiW.简4.ass,2020,2021,11,1,0,0,0,2020
Let.Life.Be.Beautiful.2020.CHINESE.1080p.WEB-DL.chs.srt,2020,2020,3,0,0,0,0,2020
Someday.or.One.Day.2022.BluRay.1080p.x265.10bit.AC3-CMCT.chs.ass,2020,2022,2,3,0,0,0,2020
[刺杀小说家].A.Writers.Odyssey.2021.CHINESE.UHD.BluRay.REMUX.HEVC.DTS-HD.MA.TrueHD.7.1.Atmos-FGT.srt,2020,2021,0,0,0,0,0,2020
[精调双语]Sniper.3.2004.1080p.AMZN.WEB-DL.DDP5.1.x264-ABM.chs.forced.ass,2020,2004,2,3,0,1,0,2000
Soul.Snatcher.2020.REPACK.720p.BluRay.x264-WiKi.chs.srt,2020,2020,0,0,0,0,0,2020
I.Am.What.I.Am.2021.1080p.BluRay.x264.DTS-WiKi.chs.srt,2020,2021,2,1,0,0,0,2020
The.Battle.at.Lake.Changjin.II.2022.1080p.BluRay.x264-WiKi.chs.srt,2020,2022,0,0,1,0,0,2020
Cliff.Walkers.2021.720p.BluRay.x264-WiKi.chs&eng.ass,2020,2021,0,0,0,0,0,2020
The.Queen.of.Kung.Fu.2020.CHINESE.1080p.WEB-DL.srt,2020,2020,0,0,0,0,0,2020
我要我们在一起 Love.Will.Tear.Us.Apart.2021.CHINESE.1080p.AMZN.WEB-DL.DDP2.0.H.264-THR.chs.ass,2020,2021,3,0,0,0,0,2020
目中无人.Eye.for.an.Eye.The.Blind.Swordsman.2022.USA.Blu-ray.1080p.AVC.DTS-HD.MA.5.1.srt,2020,2022,0,0,0,0,0,2020
Coffee.or.Tea.2020.Amazon.WEB-DL.1080p.H264.DDP-AREY.chs.srt,2020,2020,5,0,0,0,0,2020
唐人街探案3 (2021).srt,2020,2021,0,1,0,0,0,2020
新神榜.杨戬.2022.bluray.1080p.chs.ass,2020,2022,0,0,0,0,0,2020
All.or.Nothing.Tottenham.Hotspur.S01E09.The.Run-In.1080p.AMZN.WEB-DL.DDP5.1.H.264-NTb.srt,2020,1080,0,7,0,0,0,1080
Marry.My.Dead.Body.2022.1080p.NF.WEB-DL.x264.DDP5.1-PTerWEB.chs.srt,2020,2022,4,4,0,0,0,2020
当男人恋爱时 Man.in.Love.2021.1080p.BluRay.x264-NOELLE.chs.ass,2020,2021,4,0,0,0,0,2020
The Wandering Earth 2 2023 BluRay 1080p x264 DTS-HD MA5.1-HDChina_[chi]s.srt,2020,2023,3,1,0,1,0,2020
OneWeekFriends.2014.E12.1920x1080.x264.AAC.CHD.Chs.ass,2020,2014,1,0,5,0,0,2010
你好，李焕英.Hi.Mom.2021.srt,2020,2021,3,0,0,1,0,2020
纵横四海 Once.A.Thief.1991.1080p.BluRay.x264-WiKi.chs.ass,2020,1991,4,1,0,1,0,1990
恋爱大赢家（2004）.ass,2020,2004,0,1,0,0,0,2000
Cloudy.Mountain.2021.1080p.BluRay.chs.srt,2020,2021,3,0,0,0,0,2020
One.Second.2020.BluRay.720p.x264.AC3-CMCT.chs.ass,2020,2020,0,0,0,0,0,2020
Green.Night.2023.WEB-DL.1080p.chs-特效简中.V2(电脑外挂&压制专用)-YUZECM.ass,2020,2023,5,0,0,0,0,2020
Detective.vs.Sleuths.2022.1080p.BluRay.chs.srt,2020,2022,0,0,0,0,0,2020
消失的她.Lost.in.the.Stars.2023.1080p.WEB-DL.H264.MPEG-GPTHD.ass,2020,2023,1,3,0,0,0,2020
我的机器人女友 附加四首插曲全歌词双语字幕.ass,2020,None,0,2,0,1,0,2020
Legend.of.Deification.2020.720p.BluRay.x264-WiKi.chs.srt,2020,2020,0,2,0,0,0,2020
The.Rescue.2020.720p.BluRay.x264-WiKi.chs.ass,2020,2020,9,4,0,0,0,2020
[窗台上的男人].Man.On.A.Ledge.2012 (1080p BluRay x265 10bit Cthulhu).chs&eng.ass,2020,2012,1,35,0,0,0,2010
断网假期 Leave.the.World.Behind.2023.1080p.NF.WEB-DL.DDP5.1.Atmos.H.264-playWEB.chs.ass,2020,2023,5,4,2,0,0,2020
Vanguard.2020.CHINESE.1080p.BluRay.H264.AAC-VXT.ChsEngA.ass,2020,2020,6,0,4,0,0,2020
人生大事 Lighting.Up.the.Stars.2022.1080p.BluRay.FLAC.2.0.x264-c0kE.chs.ass,2020,2022,0,0,5,0,0,2020
Beyond.the.Edge.2018.720p.BluRay.H264.AAC-RARBG.chs.srt,2020,2018,1,4,0,1,0,2010
满江红.Full.River.Red.2023.1080p.BluRay.x264.TrueHD5.1-CTRLHD.ass,2020,2023,0,0,0,0,0,2020
Return.To.Dust.2022.1080p.HMAX.WEB-DL.DD5.1.x264-Bart.chs.srt,2020,2022,0,2,0,0,0,2020
中国乒乓之绝地反击.Ping.Pong.The.Triumph.2023.1080p.BluRay.x265.English.ass,2020,2023,0,0,0,0,0,2020
瞒天过海·美人计（卡点无误版）.srt,2020,None,27,0,2,4,0,2020
Drishyam.2.2022.2160p.AMZN.WEB-DL.DDP5.1.H.265-DUSiCTV.ass,2020,2022,10,5,0,4,0,2020
天師撞邪.Shaolin.Drunkard.1983.DVDRip.1AC3.HKFACT.Chs.srt,2020,1983,0,0,0,0,0,1980
网络谜踪2【官方译本】Missing.2023.1080p.BluRay.REMUX.AVC.DTS-HD.MA.5.1-FGT-中英.ass,2020,2023,1,48,1,1,0,2020
Sisters.2022.1080p.HMAX.WEB-DL.DD5.1.x264-Bart.srt,2020,2022,13,18,0,3,0,2020
沐浴之王 (2021).srt,2020,2021,3,0,0,0,0,2020
[拆弹专家2].Shock.Wave.2.2020.2160p.BluRay.REMUX.HEVC.TrueHD.7.1.Atmos-YWZHD.srt,2020,2020,3,0,0,0,0,2020
猛然遇見妳.JabWeMet2007Hindi720PBDRipx264.CHD.Big5.srt,2020,2007,21,8,7,0,0,2000
G.Storm.2021.BluRay.720p.x264.AC3.2Audios-CMCT.chs.srt,2020,2021,4,0,0,0,0,2020
Nice.View.2022.BluRay.720p.x264.AC3-CMCT.chs.ass,2020,2022,1,0,0,0,0,2020
一直游到海水变蓝.Swimming Out Till the Sea Turns Blue 2020 1080p USA Blu-ray AVC DTS-HD MA 5.1.chs.ass,2020,2020,0,0,0,0,0,2020
龙马精神.Ride.On.2023.MULTi.COMPLETE.BLURAY-GAMBLERS.ass,2020,2023,2,0,0,0,0,2020
[633轰炸大队].633.squadron.1964.720p.bluray.x264-spooks.srt,2020,1964,6,2,0,0,0,1960
Raging.Fire.2021.CHINESE.2160p.UHD.BluRay.x265.10bit.HDR.TrueHD.7.1.Atmos-SURCODE.chs.srt,2020,2021,4,1,1,0,0,2020
On.Your.Wedding.Day.2018.1080p.FHDRip.H264.AAC-NonDRM.chs.srt,2020,2018,4,0,0,0,0,2010
Mulan.2020.BluRay.chs.中影公映国配.srt,2020,2020,0,0,0,0,0,2020
壮志凌云：独行侠.ass,2020,None,0,10,0,0,1,2020
困兽.Zoo.S03E12END.Orange字幕组.简体.ass,2020,None,1,7,0,1,0,2020
Creation of The Gods Kingdom of Storms 封神第一部 朝歌風雲.chs.srt,2020,None,0,0,0,0,0,2020
夺冠.Leap.2020.1080p.BluRay.x264-WiKi.chs&eng.ass,2020,2020,5,0,0,0,0,2020
Door.Lock.2018.BluRay.720p.x264.AC3-CMCT.chs.ass,2020,2018,9,0,0,2,0,2010
The.Eight.Hundred.2020.720p.BluRay.x264-WiKi.chs.ass,2020,2020,0,0,0,0,0,2020
长安三万里.Chang.An.2023.1080p.WEB-DL.H264.AAC-GPTHD.ass,2020,2023,0,0,0,0,0,2020
秘密访客 Home.Sweet.Home.2021.1080p.BluRay.x264-HANDJOB.chs.ass,2020,2021,0,0,0,0,0,2020
刻在你心底的名字Your.Name.Engraved.Herein.2020.1080p.BluRay.x264-RUSTED.srt,2020,2020,4,0,0,0,0,2020
盛夏未来 Sheng.xia.wei.lai.2021.1080p.NF.WEB-DL.DDP5.1.x264-playWEB.chs.ass,2020,2021,3,0,0,0,0,2020
侍神令.The.Yin.Yang.Master.2021.1080p.NF.WEB-DL.DDP5.1.x264-DoA.srt,2020,2021,0,0,0,0,0,2020
第一炉香 蓝光版简繁中字.ass,2020,None,2,0,0,0,0,2020
